artist,title,year,decade,style,language,spotify_uri,year_needs_review,spotify_match_score,spotify_match_artist,spotify_match_title,spotify_album_year,spotify_match_status
Elvis Presley,Heartbreak Hotel,1956,1950s,Rock & Roll,international,spotify:track:6xNwKNYZcvgV3XTIwsgNio,no,115.0,Elvis Presley,Heartbreak Hotel,1958,ok
Elvis Presley,Hound Dog,1956,1950s,Rock & Roll,international,spotify:track:64Ny7djQ6rNJspquof2KoX,no,115.0,Elvis Presley,Hound Dog,1958,ok
Elvis Presley,Love Me Tender,1956,1950s,Pop,international,spotify:track:7iBBcw61QVJxI3NDzlpX2E,no,109.0,Elvis Presley,Love Me Tender,2002,ok
Elvis Presley,Jailhouse Rock,1957,1950s,Rock & Roll,international,spotify:track:4gphxUgq0JSFv2BCLhNDiE,no,118.0,Elvis Presley,Jailhouse Rock,1958,ok
Elvis Presley,All Shook Up,1957,1950s,Rock & Roll,international,spotify:track:5ueyLj6e6oVaTY0KQ6yLaA,no,118.0,Elvis Presley,All Shook Up,1958,ok
Elvis Presley,Can't Help Falling in Love,1961,1960s,Pop,international,spotify:track:44AyOl4qVkzS48vBsbNXaC,no,120.0,Elvis Presley,Can't Help Falling in Love,1961,ok
Elvis Presley,Suspicious Minds,1969,1960s,Pop,international,spotify:track:1H5IfYyIIAlgDX8zguUzns,no,120.0,Elvis Presley,Suspicious Minds,1969,ok
Chuck Berry,Johnny B. Goode,1958,1950s,Rock & Roll,international,spotify:track:2QfiRTz5Yc8DdShCxG1tB2,no,118.0,Chuck Berry,Johnny B. Goode,1959,ok
Chuck Berry,Roll Over Beethoven,1956,1950s,Rock & Roll,international,spotify:track:6C7aTTCUWRK7dD379yUT3W,no,115.0,Chuck Berry,Roll Over Beethoven,1959,ok
Chuck Berry,Maybellene,1955,1950s,Rock & Roll,international,spotify:track:3SQhmctWreNM0X6Zkm2K5R,no,114.0,Chuck Berry,Maybellene,1959,ok
Little Richard,Tutti Frutti,1955,1950s,Rock & Roll,international,spotify:track:2iXcvnD3d1gfLBum0cE5Eg,no,115.0,Little Richard,Tutti Frutti,1957,ok
Little Richard,Long Tall Sally,1956,1950s,Rock & Roll,international,spotify:track:0k1GUkqtiVO2zHbviqweNY,no,114.0,Little Richard,Long Tall Sally,1969,ok
Jerry Lee Lewis,Great Balls of Fire,1957,1950s,Rock & Roll,international,spotify:track:37xXztKytCrfNG1Tge0qdJ,no,114.0,Jerry Lee Lewis,Great Balls Of Fire,1961,ok
Jerry Lee Lewis,Whole Lotta Shakin' Goin' On,1957,1950s,Rock & Roll,international,spotify:track:4eok7LQlQ6Ca43yEvuoceD,no,109.0,Jerry Lee Lewis,Whole Lotta Shakin' Goin' On,2020,ok
Buddy Holly,Peggy Sue,1957,1950s,Rock & Roll,international,spotify:track:1rMe5ro7tDyeWVdRLOvCBY,no,109.0,Buddy Holly,Peggy Sue,2012,ok
Buddy Holly,That'll Be the Day,1957,1950s,Rock & Roll,international,spotify:track:50RwvvEKX5Q7AZt8FTAwIF,no,118.0,Buddy Holly,That'll Be The Day,1958,ok
Bill Haley & His Comets,Rock Around the Clock,1954,1950s,Rock & Roll,international,spotify:track:5tIuj6gxF6chVXF25KiJmZ,no,120.0,Bill Haley & His Comets,Rock Around The Clock,1954,ok
The Platters,Only You (And You Alone),1955,1950s,Pop,international,spotify:track:0S5cs4lAkx99tGjoWS4Jtk,no,109.0,The Platters,Only You (And You Alone),1991,ok
The Chordettes,Mr. Sandman,1954,1950s,Pop,international,spotify:track:4NJEoeZyXB5ICzn4iqznGn,no,120.0,The Chordettes,Mr Sandman,1954,ok
The Chordettes,Lollipop,1958,1950s,Pop,international,spotify:track:0ZOuues7b9AgBOJ0YRZMLR,no,118.0,The Chordettes,Lollipop,1957,ok
Paul Anka,Diana,1957,1950s,Pop,international,spotify:track:3OcRqCMJOduvASfVF5Tm5x,no,109.0,Paul Anka,Diana,1987,ok
Paul Anka,Put Your Head on My Shoulder,1959,1950s,Pop,international,spotify:track:7eqNATKM78MkWP6aHGXHEV,no,114.0,Paul Anka,Put Your Head on My Shoulder,1966,ok
Ritchie Valens,La Bamba,1958,1950s,Rock & Roll,international,spotify:track:2aEeghgUcnu75tzcolFMfs,no,118.0,Ritchie Valens,La Bamba - Single Version,1959,ok
The Everly Brothers,Wake Up Little Susie,1957,1950s,Pop,international,spotify:track:1XpOnEXqYC9QeNLmxq9pdb,no,120.0,The Everly Brothers,Wake Up Little Susie,1957,ok
The Everly Brothers,All I Have to Do Is Dream,1958,1950s,Pop,international,spotify:track:2DjuzUabhcgyREWz2O7P8r,no,118.0,The Everly Brothers,All I Have to Do Is Dream,1957,ok
Ray Charles,What'd I Say,1959,1950s,Soul / R&B,international,spotify:track:6h4rAPuTPv0iAI1NaF2SRL,no,109.0,Ray Charles,What'd I Say,2011,ok
Ray Charles,Hit the Road Jack,1961,1960s,Soul / R&B,international,spotify:track:4yrRf3zWNjM7TD7TnIBiMX,no,120.0,Ray Charles,Hit The Road Jack,1961,ok
Ben E. King,Stand by Me,1961,1960s,Soul / R&B,international,spotify:track:3SdTKo2uVsxFblQjpScoHy,no,118.0,Ben E. King,Stand By Me,1962,ok
Sam Cooke,Wonderful World,1960,1960s,Soul / R&B,international,spotify:track:6TxNV6BDYtpcw2LWADvHL8,no,120.0,Sam Cooke,Wonderful World,1960,ok
Sam Cooke,A Change Is Gonna Come,1964,1960s,Soul / R&B,international,spotify:track:0YfOnJWqmAKaUvEL1QcNop,no,120.0,Sam Cooke,A Change Is Gonna Come,1964,ok
Chubby Checker,The Twist,1960,1960s,Pop,international,spotify:track:6DSvUZQdqtNfkJI4cAiUsM,no,115.0,Chubby Checker,The Twist,1962,ok
Chubby Checker,Let's Twist Again,1961,1960s,Pop,international,spotify:track:1INWPr855fwWdAOeecbu0W,no,120.0,Chubby Checker,Let's Twist Again,1961,ok
Roy Orbison,"Oh, Pretty Woman",1964,1960s,Pop,international,spotify:track:48i055G1OT5KxGGftwFxWy,no,115.0,Roy Orbison,"Oh, Pretty Woman",1962,ok
Roy Orbison,Only the Lonely,1960,1960s,Pop,international,spotify:track:4HO7aDntELp7qjXCJaAADf,no,120.0,Roy Orbison,Only the Lonely,1960,ok
Del Shannon,Runaway,1961,1960s,Pop,international,spotify:track:45Szkclj1lt4ubm7RFK68t,no,120.0,Del Shannon,Runaway,1961,ok
The Tokens,The Lion Sleeps Tonight,1961,1960s,Pop,international,spotify:track:4x6QL8zCkeKRlRx05NBPQh,no,120.0,The Tokens,The Lion Sleeps Tonight,1961,ok
The Beach Boys,Surfin' U.S.A.,1963,1960s,Pop,international,spotify:track:0wz1LjDb9ZNEYwOmDJ3Q4b,no,112.0,The Beach Boys,Surfin' U.S.A. - Remastered 2001,1963,ok
The Beach Boys,I Get Around,1964,1960s,Pop,international,spotify:track:6ZF1wsJEbWIv5wERVobR3m,no,120.0,The Beach Boys,I Get Around,1964,ok
The Beach Boys,California Girls,1965,1960s,Pop,international,spotify:track:6bJuuCtXYiwOcKT9s8uRh8,no,89.6,The Beach Boys,California Girls - Remix/Remastered 2001,1965,ok
The Beach Boys,Good Vibrations,1966,1960s,Pop,international,spotify:track:5t9KYe0Fhd5cW6UYT4qP8f,no,110.0,The Beach Boys,Good Vibrations - Remastered 2001,1967,ok
The Beatles,Love Me Do,1962,1960s,Pop,international,spotify:track:3VbGCXWRiouAq8VyMYN2MI,no,110.0,The Beatles,Love Me Do - Remastered 2009,1963,ok
The Beatles,She Loves You,1963,1960s,Pop,international,spotify:track:48JM82SHQTBYkhEYhMaOaa,no,101.0,The Beatles,She Loves You - Remastered 2009,1988,ok
The Beatles,I Want to Hold Your Hand,1963,1960s,Pop,international,spotify:track:5Qe7NHxeLAn8KoLTNLSdwe,no,106.0,The Beatles,I Want To Hold Your Hand - Remastered 2009,1973,ok
The Beatles,A Hard Day's Night,1964,1960s,Pop,international,spotify:track:5J2CHimS7dWYMImCHkEFaJ,no,112.0,The Beatles,A Hard Day's Night - Remastered 2009,1964,ok
The Beatles,Help!,1965,1960s,Pop,international,spotify:track:7DD7eSuYSC5xk2ArU62esN,no,112.0,The Beatles,Help! - Remastered 2009,1965,ok
The Beatles,Yesterday,1965,1960s,Pop,international,spotify:track:3BQHpFgAp4l80e1XslIjNI,no,112.0,The Beatles,Yesterday - Remastered 2009,1965,ok
The Beatles,Ticket to Ride,1965,1960s,Pop,international,spotify:track:7CZiDzGVjUssMSOXrDNYHL,no,112.0,The Beatles,Ticket To Ride - Remastered 2009,1965,ok
The Beatles,Day Tripper,1965,1960s,Rock,international,spotify:track:3hNUYt4dMM9RhcWmty8oKF,no,106.0,The Beatles,Day Tripper - Remastered 2009,1973,ok
The Beatles,Eleanor Rigby,1966,1960s,Pop,international,spotify:track:5GjPQ0eI7AgmOnADn1EO6Q,no,112.0,The Beatles,Eleanor Rigby - Remastered 2009,1966,ok
The Beatles,Yellow Submarine,1966,1960s,Pop,international,spotify:track:50xwQXPtfNZFKFeZ0XePWc,no,112.0,The Beatles,Yellow Submarine - Remastered 2009,1966,ok
The Beatles,Penny Lane,1967,1960s,Pop,international,spotify:track:1sjmKmR4u9xDeJHjDCn2bZ,no,120.0,The Beatles,Penny Lane,1967,ok
The Beatles,All You Need Is Love,1967,1960s,Pop,international,spotify:track:68BTFws92cRztMS1oQ7Ewj,no,112.0,The Beatles,All You Need Is Love - Remastered 2009,1967,ok
The Beatles,Hey Jude,1968,1960s,Pop,international,spotify:track:1eT2CjXwFXNx6oY5ydvzKU,no,109.0,The Beatles,Hey Jude,2006,ok
The Beatles,Come Together,1969,1960s,Rock,international,spotify:track:2EqlS6tkEnglzr7tkKAAYD,no,112.0,The Beatles,Come Together - Remastered 2009,1969,ok
The Beatles,Here Comes the Sun,1969,1960s,Pop,international,spotify:track:6dGnYIeXmHdcikdzNNDMm2,no,112.0,The Beatles,Here Comes The Sun - Remastered 2009,1969,ok
The Beatles,Let It Be,1970,1970s,Pop,international,spotify:track:7iN1s7xHE4ifF5povM6A48,no,112.0,The Beatles,Let It Be - Remastered 2009,1970,ok
The Rolling Stones,(I Can't Get No) Satisfaction,1965,1960s,Rock,international,spotify:track:2PzU4IB8Dr6mxV3lHuaG34,no,106.4,The Rolling Stones,(I Can't Get No) Satisfaction - Mono,1965,ok
The Rolling Stones,"Paint It, Black",1966,1960s,Rock,international,spotify:track:63T7DJ1AFDD6Bn8VzG6JE8,no,120.0,The Rolling Stones,"Paint It, Black",1966,ok
The Rolling Stones,Ruby Tuesday,1967,1960s,Rock,international,spotify:track:4hupcimlg3UBbW1kAQ6vrT,no,120.0,The Rolling Stones,Ruby Tuesday,1967,ok
The Rolling Stones,Jumpin' Jack Flash,1968,1960s,Rock,international,spotify:track:1uBsu3PbD2909UBIfEMLvK,no,109.0,The Rolling Stones,Jumpin' Jack Flash,2021,ok
The Rolling Stones,Honky Tonk Women,1969,1960s,Rock,international,spotify:track:3fnPv1LRMxENr63afVhaz1,no,109.0,The Rolling Stones,Honky Tonk Women,2019,ok
The Kinks,You Really Got Me,1964,1960s,Rock,international,spotify:track:6tZdL3Zp8JgrfDbsSeSV1S,no,120.0,The Kinks,You Really Got Me,1964,ok
The Kinks,All Day and All of the Night,1964,1960s,Rock,international,spotify:track:1mfV2kv9RwFKVI8kEQlmOJ,no,120.0,The Kinks,All Day and All of the Night,1964,ok
The Kinks,Waterloo Sunset,1967,1960s,Rock,international,spotify:track:3G0EALIIp5DAeIERxXBHmo,no,120.0,The Kinks,Waterloo Sunset,1967,ok
The Who,My Generation,1965,1960s,Rock,international,spotify:track:2EMmHEhCZSMMEM85HTFJvj,no,120.0,The Who,My Generation,1965,ok
The Who,Pinball Wizard,1969,1960s,Rock,international,spotify:track:6LbbHFEajG9e4m0G3L47c4,no,120.0,The Who,Pinball Wizard,1969,ok
The Animals,House of the Rising Sun,1964,1960s,Rock,international,spotify:track:4mn2kNTqiGLwaUR8JdhJ1l,no,109.0,The Animals,House of the Rising Sun,2003,ok
The Animals,Don't Let Me Be Misunderstood,1965,1960s,Rock,international,spotify:track:0KpTFH1SzexN8SGc0GPILC,no,109.0,The Animals,Don't Let Me Be Misunderstood,2003,ok
The Mamas & the Papas,California Dreamin',1965,1960s,Pop,international,spotify:track:4s6LhHAV5SEsOV0lC2tjvJ,no,118.0,The Mamas & The Papas,California Dreamin' - Single Version,1966,ok
The Mamas & the Papas,"Monday, Monday",1966,1960s,Pop,international,spotify:track:3EFb1qDgIqf9MegIryKtDj,no,120.0,The Mamas & The Papas,"Monday, Monday - Single Version",1966,ok
Simon & Garfunkel,The Sound of Silence,1965,1960s,Folk / Pop,international,spotify:track:3YfS47QufnLDFA71FUsgCM,no,109.0,Simon & Garfunkel,The Sound of Silence,2012,ok
Simon & Garfunkel,Mrs. Robinson,1968,1960s,Folk / Pop,international,spotify:track:6iKSKHgjyeDhD8iisd4PLL,no,109.0,Simon & Garfunkel,Mrs. Robinson,2001,ok
Simon & Garfunkel,The Boxer,1969,1960s,Folk / Pop,international,spotify:track:76TZCvJ8GitQ2FA1q5dKu0,no,118.0,Simon & Garfunkel,The Boxer,1970,ok
Bob Dylan,Blowin' in the Wind,1963,1960s,Folk,international,spotify:track:18GiV1BaXzPVYpp9rmOg0E,no,120.0,Bob Dylan,Blowin' in the Wind,1963,ok
Bob Dylan,The Times They Are a-Changin',1964,1960s,Folk,international,spotify:track:52vA3CYKZqZVdQnzRrdZt6,no,120.0,Bob Dylan,The Times They Are A-Changin',1964,ok
Bob Dylan,Like a Rolling Stone,1965,1960s,Folk / Rock,international,spotify:track:3AhXZa8sUQht0UEdBJgpGc,no,120.0,Bob Dylan,Like a Rolling Stone,1965,ok
The Byrds,Mr. Tambourine Man,1965,1960s,Folk / Rock,international,spotify:track:2HCaIYjkvWSZzaSKUoOh3d,no,120.0,The Byrds,Mr. Tambourine Man,1965,ok
The Byrds,Turn! Turn! Turn!,1965,1960s,Folk / Rock,international,spotify:track:19PyKZXnnCvousOTU1Mwfi,no,109.0,The Byrds,Turn! Turn! Turn!,1992,ok
The Doors,Light My Fire,1967,1960s,Rock,international,spotify:track:5uvosCdMlFdTXhoazkTI5R,no,120.0,The Doors,Light My Fire,1967,ok
The Doors,People Are Strange,1967,1960s,Rock,international,spotify:track:1Jmqubf9kGkWeYQXQKImL5,no,120.0,The Doors,People Are Strange,1967,ok
The Doors,"Hello, I Love You",1968,1960s,Rock,international,spotify:track:3bWGaqVeYKMlLss40mPgNn,no,120.0,The Doors,"Hello, I Love You",1968,ok
Jimi Hendrix,Purple Haze,1967,1960s,Rock,international,spotify:track:0wJoRiX5K5BxlqZTolB2LD,no,120.0,Jimi Hendrix,Purple Haze,1967,ok
Jimi Hendrix,Hey Joe,1966,1960s,Rock,international,spotify:track:0NWPxcsf5vdjdiFUI8NgkP,no,118.0,Jimi Hendrix,Hey Joe,1967,ok
Cream,Sunshine of Your Love,1967,1960s,Rock,international,spotify:track:6FRwDxXsvSasw0y2eDArsz,no,120.0,Cream,Sunshine Of Your Love,1967,ok
Cream,White Room,1968,1960s,Rock,international,spotify:track:3Xls4cNOwy01dtrNXb1inG,no,120.0,Cream,White Room,1968,ok
Creedence Clearwater Revival,Proud Mary,1969,1960s,Rock,international,spotify:track:6pxWv6GV35VGmcPf5dh6CH,no,120.0,Creedence Clearwater Revival,Proud Mary,1969,ok
Creedence Clearwater Revival,Bad Moon Rising,1969,1960s,Rock,international,spotify:track:20OFwXhEXf12DzwXmaV7fj,no,120.0,Creedence Clearwater Revival,Bad Moon Rising,1969,ok
Creedence Clearwater Revival,Fortunate Son,1969,1960s,Rock,international,spotify:track:4BP3uh0hFLFRb5cjsgLqDh,no,120.0,Creedence Clearwater Revival,Fortunate Son,1969,ok
Jefferson Airplane,Somebody to Love,1967,1960s,Rock,international,spotify:track:4uGIJG1jYFonGc4LGp5uQL,no,120.0,Jefferson Airplane,Somebody to Love,1967,ok
Jefferson Airplane,White Rabbit,1967,1960s,Rock,international,spotify:track:4vpeKl0vMGdAXpZiQB2Dtd,no,120.0,Jefferson Airplane,White Rabbit,1967,ok
Steppenwolf,Born to Be Wild,1968,1960s,Rock,international,spotify:track:3lN8PP6R2IxbLP05QpYXng,no,120.0,Steppenwolf,Born To Be Wild - Single Version,1968,ok
Procol Harum,A Whiter Shade of Pale,1967,1960s,Rock,international,spotify:track:2ECReVEeiSQk8zpC9TRAwx,no,116.0,Procol Harum,A Whiter Shade of Pale - 2007 Remaster,1967,ok
The Troggs,Wild Thing,1966,1960s,Rock,international,spotify:track:4dro1XLNLqiF0nNdorDEzb,no,109.0,The Troggs,Wild Thing,1994,ok
The Monkees,I'm a Believer,1966,1960s,Pop,international,spotify:track:3G7tRC24Uh09Hmp1KZ7LQ2,no,114.0,The Monkees,I'm a Believer - 2006 Remaster,1967,ok
The Monkees,Last Train to Clarksville,1966,1960s,Pop,international,spotify:track:3dgyDSKfzaNBtlZuUxc8IW,no,109.0,The Monkees,Last Train to Clarksville,2008,ok
The Supremes,Where Did Our Love Go,1964,1960s,Soul / R&B,international,spotify:track:69RH84na5iUNwrwxpgjC5j,no,120.0,The Supremes,Where Did Our Love Go,1964,ok
The Supremes,Baby Love,1964,1960s,Soul / R&B,international,spotify:track:5uES1C2NgkdrNHiCwf9jRr,no,120.0,The Supremes,Baby Love,1964,ok
The Supremes,You Can't Hurry Love,1966,1960s,Soul / R&B,international,spotify:track:1OppEieGNdItZbE14gLBEv,no,120.0,The Supremes,You Can't Hurry Love,1966,ok
The Temptations,My Girl,1964,1960s,Soul / R&B,international,spotify:track:745H5CctFr12Mo7cqa1BMH,no,118.0,The Temptations,My Girl,1965,ok
The Temptations,Ain't Too Proud to Beg,1966,1960s,Soul / R&B,international,spotify:track:7w8YSuX9fhYUQNwfO8kEBX,no,114.0,The Temptations,Ain't Too Proud To Beg,1978,ok
Four Tops,"I Can't Help Myself (Sugar Pie, Honey Bunch)",1965,1960s,Soul / R&B,international,spotify:track:6b6IMqP565TbtFFZg9iFf3,no,120.0,Four Tops,"I Can't Help Myself (Sugar Pie, Honey Bunch)",1965,ok
Marvin Gaye,I Heard It Through the Grapevine,1968,1960s,Soul / R&B,international,spotify:track:1tqT6DhmsrtQgyCKUwotiw,no,120.0,Marvin Gaye,I Heard It Through The Grapevine,1968,ok
Marvin Gaye & Tammi Terrell,Ain't No Mountain High Enough,1967,1960s,Soul / R&B,international,spotify:track:7tqhbajSfrz2F7E1Z75ASX,no,117.5,"Marvin Gaye, Tammi Terrell",Ain't No Mountain High Enough,1967,ok
Aretha Franklin,Respect,1967,1960s,Soul / R&B,international,spotify:track:7s25THrKz86DM225dOYwnr,no,120.0,Aretha Franklin,Respect,1967,ok
Aretha Franklin,(You Make Me Feel Like) A Natural Woman,1967,1960s,Soul / R&B,international,spotify:track:5K09WxKdlkroDyEVyOSySy,no,118.0,Aretha Franklin,(You Make Me Feel Like) A Natural Woman,1968,ok
Otis Redding,(Sittin' On) The Dock of the Bay,1968,1960s,Soul / R&B,international,spotify:track:4Y4Gd3ty8uut6Qw43c7yJc,no,120.0,Otis Redding,(Sittin' On) the Dock of the Bay,1968,ok
James Brown,I Got You (I Feel Good),1965,1960s,Soul / Funk,international,spotify:track:3W6tpkLXqOP5CApUCbKm1Z,no,109.0,James Brown,I Got You (I Feel Good),2004,ok
Wilson Pickett,In the Midnight Hour,1965,1960s,Soul / R&B,international,spotify:track:4NRQwaks9r58tTDvr4iEyv,no,120.0,Wilson Pickett,In the Midnight Hour,1965,ok
Percy Sledge,When a Man Loves a Woman,1966,1960s,Soul / R&B,international,spotify:track:51FpzuGkRYXFgsE2zXt9av,no,120.0,Percy Sledge,When a Man Loves a Woman,1966,ok
The Foundations,Build Me Up Buttercup,1968,1960s,Pop,international,spotify:track:2z85sg6Bee9QltYdQ5LHql,no,111.0,The Foundations,Build Me up Buttercup - Re-Recorded,1970,ok
Dusty Springfield,Son of a Preacher Man,1968,1960s,Pop,international,spotify:track:6ek9SiEj5a65WIs2EV7qiM,no,118.0,Dusty Springfield,Son Of A Preacher Man,1969,ok
Nancy Sinatra,These Boots Are Made for Walkin',1966,1960s,Pop,international,spotify:track:2PneNdtypG6XcgmWmGd9FI,no,120.0,Nancy Sinatra,These Boots Are Made for Walkin',1966,ok
Frank Sinatra,Strangers in the Night,1966,1960s,Pop,international,spotify:track:74VR3AkGPhbYXnxcOYa16x,no,120.0,Frank Sinatra,Strangers In The Night,1966,ok
Frank Sinatra,My Way,1969,1960s,Pop,international,spotify:track:3spdoTYpuCpmq19tuD0bOe,no,120.0,Frank Sinatra,My Way,1969,ok
Louis Armstrong,What a Wonderful World,1967,1960s,Pop,international,spotify:track:29U7stRjqHU6rMiS8BfaI9,no,118.0,Louis Armstrong,What A Wonderful World,1968,ok
Tom Jones,It's Not Unusual,1965,1960s,Pop,international,spotify:track:3TlIt0ReIxPsVZcOEivT5U,no,120.0,Tom Jones,It's Not Unusual,1965,ok
Tom Jones,Delilah,1968,1960s,Pop,international,spotify:track:2v8B8d17Xxu9uLU5sNiHSL,no,120.0,Tom Jones,Delilah,1968,ok
Neil Diamond,Sweet Caroline,1969,1960s,Pop,international,spotify:track:62AuGbAkt8Ox2IrFFb8GKV,no,120.0,Neil Diamond,Sweet Caroline,1969,ok
John Lennon,Imagine,1971,1970s,Pop,international,spotify:track:7pKfPomDEeI4TPT6EOYjn9,no,112.0,John Lennon,Imagine - Remastered 2010,1971,ok
George Harrison,My Sweet Lord,1970,1970s,Pop,international,spotify:track:0KZodeWxqxd88F9wY1cqgs,no,116.0,George Harrison,My Sweet Lord - 2014 Remaster,1970,ok
Paul McCartney & Wings,Live and Let Die,1973,1970s,Rock,international,spotify:track:0VV8wkOM4w78A2OHZOTzNP,no,83.7,Wings,Live And Let Die - 2018 Remaster,1973,ok
Paul McCartney & Wings,Band on the Run,1973,1970s,Rock,international,spotify:track:1H4idkmruFoJBg1DvUv2tY,no,112.9,"Paul McCartney, Wings",Band On The Run - 2010 Remaster,1973,ok
Elton John,Your Song,1970,1970s,Pop,international,spotify:track:38zsOOcu31XbbYj9BIPUF1,no,120.0,Elton John,Your Song,1970,ok
Elton John,Rocket Man,1972,1970s,Pop,international,spotify:track:1XaFmFCXmDDLB0dd6rPLse,no,83.8,Elton John,Rocket Man - Live,2000,ok
Elton John,Crocodile Rock,1972,1970s,Pop,international,spotify:track:6WCeFNVAXUtNczb7lqLiZU,no,118.0,Elton John,Crocodile Rock,1973,ok
Elton John,Goodbye Yellow Brick Road,1973,1970s,Pop,international,spotify:track:4IRHwIZHzlHT1FQpRa5RdE,no,112.0,Elton John,Goodbye Yellow Brick Road - Remastered 2014,1973,ok
Elton John,Bennie and the Jets,1973,1970s,Pop,international,spotify:track:5Wj1rJnCLpMHdLaxsFtJLs,no,112.0,Elton John,Bennie And The Jets - Remastered 2014,1973,ok
Elton John,Don't Go Breaking My Heart,1976,1970s,Pop,international,spotify:track:7HW5WIw7ZgZORCzUxv5gW5,no,107.4,"Elton John, Kiki Dee",Don't Go Breaking My Heart,1975,ok
David Bowie,Changes,1971,1970s,Rock,international,spotify:track:3HlOk3Iy7vkOfROwBbJqfx,no,110.0,David Bowie,Changes - 2015 Remaster,1976,ok
David Bowie,Starman,1972,1970s,Rock,international,spotify:track:0pQskrTITgmCMyr85tb9qq,no,116.0,David Bowie,Starman - 2012 Remaster,1972,ok
David Bowie,The Jean Genie,1972,1970s,Rock,international,spotify:track:6uZtMNTfU5u8w6fsnXeOdb,no,114.0,David Bowie,The Jean Genie - 2013 Remaster,1973,ok
David Bowie,Rebel Rebel,1974,1970s,Rock,international,spotify:track:2EC9IJj7g0mN1Q5VrZkiYY,no,116.0,David Bowie,Rebel Rebel - 2016 Remaster,1974,ok
David Bowie,Heroes,1977,1970s,Rock,international,spotify:track:7Jh1bpe76CNTCgdgAdBw4Z,no,116.0,David Bowie,"""Heroes"" - 2017 Remaster",1977,ok
Queen,Killer Queen,1974,1970s,Rock,international,spotify:track:46L5lm1Xzwr0TExEMpObtq,no,120.0,Queen,Killer Queen,1974,ok
Queen,Bohemian Rhapsody,1975,1970s,Rock,international,spotify:track:2JiDi0qAXsPwhPqA2qaKGt,no,120.0,Queen,Bohemian Rhapsody,1975,ok
Queen,You're My Best Friend,1975,1970s,Rock,international,spotify:track:46gybz6M2g4oiVvt1aWOV4,no,120.0,Queen,You're My Best Friend,1975,ok
Queen,Somebody to Love,1976,1970s,Rock,international,spotify:track:18OMrZoyyZuVy06FttIFhq,no,120.0,Queen,Somebody To Love,1976,ok
Queen,We Will Rock You,1977,1970s,Rock,international,spotify:track:2ELSVi4kwWOXgxiIC592tJ,no,120.0,Queen,We Will Rock You,1977,ok
Queen,We Are the Champions,1977,1970s,Rock,international,spotify:track:0saBeiGcu2dECTvAknHPzL,no,120.0,Queen,We Are The Champions,1977,ok
Queen,Don't Stop Me Now,1978,1970s,Rock,international,spotify:track:1NHWG8zxSEypSRF3UufrnO,no,120.0,Queen,Don't Stop Me Now,1978,ok
Led Zeppelin,Immigrant Song,1970,1970s,Rock,international,spotify:track:78lgmZwycJ3nzsdgmPPGNx,no,116.0,Led Zeppelin,Immigrant Song - Remaster,1970,ok
Led Zeppelin,Black Dog,1971,1970s,Rock,international,spotify:track:3qT4bUD1MaWpGrTwcvguhb,no,116.0,Led Zeppelin,Black Dog - Remaster,1971,ok
Led Zeppelin,Stairway to Heaven,1971,1970s,Rock,international,spotify:track:5CQ30WqJwcep0pYcV4AMNc,no,116.0,Led Zeppelin,Stairway to Heaven - Remaster,1971,ok
Led Zeppelin,Rock and Roll,1971,1970s,Rock,international,spotify:track:4PRGxHpCpF2yoOHYKQIEwD,no,116.0,Led Zeppelin,Rock and Roll - Remaster,1971,ok
Led Zeppelin,Kashmir,1975,1970s,Rock,international,spotify:track:6Vjk8MNXpQpi0F4BefdTyq,no,116.0,Led Zeppelin,Kashmir - Remaster,1975,ok
Deep Purple,Smoke on the Water,1972,1970s,Rock,international,spotify:track:5MMnwYs0hIxkENRsbkWJ2G,no,112.0,Deep Purple,Smoke On The Water - Remastered 2012,1972,ok
Deep Purple,Highway Star,1972,1970s,Rock,international,spotify:track:3uMmllZo1AfoEnVT4ENCD3,no,112.0,Deep Purple,Highway Star - Remastered 2012,1972,ok
Black Sabbath,Paranoid,1970,1970s,Rock,international,spotify:track:3Jnxngdff0lVu2rza1GVx6,no,116.0,Black Sabbath,Paranoid - 2009 Remaster,1970,ok
Black Sabbath,Iron Man,1970,1970s,Rock,international,spotify:track:0vJYFKg9z1IvZiQUyX19cD,no,116.0,Black Sabbath,Iron Man (2012 Remaster),1970,ok
Black Sabbath,War Pigs,1970,1970s,Rock,international,spotify:track:6TYQRlRci6AkVrN9a5C7ne,no,116.0,Black Sabbath,War Pigs - 2009 Remaster,1970,ok
Pink Floyd,Money,1973,1970s,Rock,international,spotify:track:0vFOzaXqZHahrZp6enQwQb,no,120.0,Pink Floyd,Money,1973,ok
Pink Floyd,Wish You Were Here,1975,1970s,Rock,international,spotify:track:6mFkJmJqdDVQ1REhVfGgd1,no,120.0,Pink Floyd,Wish You Were Here,1975,ok
Pink Floyd,"Another Brick in the Wall, Pt. 2",1979,1970s,Rock,international,spotify:track:4gMgiXfqyzZLMhsksGmbQV,no,120.0,Pink Floyd,"Another Brick in the Wall, Pt. 2",1979,ok
Fleetwood Mac,Rhiannon,1975,1970s,Rock,international,spotify:track:05oETzWbd4SI33qK2gbJfR,no,120.0,Fleetwood Mac,Rhiannon,1975,ok
Fleetwood Mac,Go Your Own Way,1976,1970s,Rock,international,spotify:track:07GvNcU1WdyZJq3XxP0kZa,no,114.0,Fleetwood Mac,Go Your Own Way - 2004 Remaster,1977,ok
Fleetwood Mac,Dreams,1977,1970s,Rock,international,spotify:track:0ofHAoxe9vBkTCp2UQIavz,no,116.0,Fleetwood Mac,Dreams - 2004 Remaster,1977,ok
Eagles,Take It Easy,1972,1970s,Rock,international,spotify:track:4yugZvBYaoREkJKtbG08Qr,no,116.0,Eagles,Take It Easy - 2013 Remaster,1972,ok
Eagles,Desperado,1973,1970s,Rock,international,spotify:track:2TjnCxxQRYn56Ye8gkUKiW,no,116.0,Eagles,Desperado - 2013 Remaster,1973,ok
Eagles,Hotel California,1976,1970s,Rock,international,spotify:track:40riOy7x9W7GXjyGp4pjAv,no,116.0,Eagles,Hotel California - 2013 Remaster,1976,ok
Eagles,New Kid in Town,1976,1970s,Rock,international,spotify:track:5MC3xdlx9DFop1Y4J1yDbE,no,120.0,Eagles,New Kid in Town,1976,ok
Boston,More Than a Feeling,1976,1970s,Rock,international,spotify:track:1QEEqeFIZktqIpPI4jSVSF,no,120.0,Boston,More Than a Feeling,1976,ok
Kansas,Carry on Wayward Son,1976,1970s,Rock,international,spotify:track:4DMKwE2E2iYDKY01C335Uw,no,120.0,Kansas,Carry on Wayward Son,1976,ok
Blue Öyster Cult,(Don't Fear) The Reaper,1976,1970s,Rock,international,spotify:track:5QTxFnGygVM4jFQiBovmRo,no,120.0,Blue Öyster Cult,(Don't Fear) The Reaper,1976,ok
Foreigner,Cold as Ice,1977,1970s,Rock,international,spotify:track:7vidktgNZFQylTgH1GEnMs,no,120.0,Foreigner,Cold as Ice,1977,ok
Foreigner,Hot Blooded,1978,1970s,Rock,international,spotify:track:6xMHglHoafdDFGXS6qfwSH,no,120.0,Foreigner,Hot Blooded,1978,ok
Dire Straits,Sultans of Swing,1978,1970s,Rock,international,spotify:track:37Tmv4NnfQeb0ZgUC4fOJj,no,120.0,Dire Straits,Sultans Of Swing,1978,ok
Supertramp,The Logical Song,1979,1970s,Rock,international,spotify:track:5Z4EgTCCoObfO1WfrvrQ9v,no,114.0,Supertramp,The Logical Song,1990,ok
Supertramp,Breakfast in America,1979,1970s,Rock,international,spotify:track:72hA6rKUIc8sI2Bb0eB7AY,no,114.0,Supertramp,Breakfast In America,1990,ok
The Clash,London Calling,1979,1970s,Rock,international,spotify:track:124Y9LPRCAz3q2OP0iCvcJ,no,120.0,The Clash,London Calling,1979,ok
The Clash,Should I Stay or Should I Go,1982,1980s,Rock,international,spotify:track:39shmbIHICJ2Wxnk1fPSdz,no,112.0,The Clash,Should I Stay or Should I Go - Remastered,1982,ok
Ramones,Blitzkrieg Bop,1976,1970s,Rock,international,spotify:track:5eKIGC6kIEfKfzTzet3sOl,no,120.0,Ramones,Blitzkrieg Bop - Single Version,1976,ok
Sex Pistols,Anarchy in the U.K.,1976,1970s,Rock,international,spotify:track:5moTxUGPZXgGmosl4rIELm,no,108.1,Sex Pistols,Anarchy In The UK,1977,ok
Sex Pistols,God Save the Queen,1977,1970s,Rock,international,spotify:track:2mHchPRtQWet3iIS3jANr1,no,120.0,Sex Pistols,God Save The Queen,1977,ok
AC/DC,T.N.T.,1975,1970s,Rock,international,spotify:track:7LRMbd3LEoV5wZJvXT1Lwb,no,118.0,AC/DC,T.N.T.,1976,ok
AC/DC,Dirty Deeds Done Dirt Cheap,1976,1970s,Rock,international,spotify:track:2d4e45fmUnguxh6yqC7gNT,no,120.0,AC/DC,Dirty Deeds Done Dirt Cheap,1976,ok
AC/DC,Highway to Hell,1979,1970s,Rock,international,spotify:track:2zYzyRzz6pRmhPzyfMEC8s,no,120.0,AC/DC,Highway to Hell,1979,ok
Aerosmith,Dream On,1973,1970s,Rock,international,spotify:track:5Ih9gbqyxCzTJ43nuSuKnC,no,120.0,Aerosmith,Dream On,1973,ok
Aerosmith,Walk This Way,1975,1970s,Rock,international,spotify:track:4JfuiOWlWCkjP6OKurHjSn,no,120.0,Aerosmith,Walk This Way,1975,ok
KISS,Rock and Roll All Nite,1975,1970s,Rock,international,spotify:track:1Buwv1iql0YsxftE5LHIgq,no,116.0,KISS,Rock And Roll All Nite - 2025 Remaster,1975,ok
KISS,I Was Made for Lovin' You,1979,1970s,Rock,international,spotify:track:07q0QVgO56EorrSGHC48y3,no,120.0,KISS,I Was Made For Lovin' You,1979,ok
Lynyrd Skynyrd,Sweet Home Alabama,1974,1970s,Rock,international,spotify:track:7e89621JPkKaeDSTQ3avtg,no,120.0,Lynyrd Skynyrd,Sweet Home Alabama,1974,ok
Lynyrd Skynyrd,Free Bird,1973,1970s,Rock,international,spotify:track:5EWPGh7jbTNO2wakv8LjUI,no,120.0,Lynyrd Skynyrd,Free Bird,1973,ok
Bruce Springsteen,Born to Run,1975,1970s,Rock,international,spotify:track:6hTcuIQa0sxrrByu9wTD7s,no,120.0,Bruce Springsteen,Born to Run,1975,ok
Bruce Springsteen,Thunder Road,1975,1970s,Rock,international,spotify:track:56lhDZNQ5J47aog6mGKeGk,no,120.0,Bruce Springsteen,Thunder Road,1975,ok
Billy Joel,Piano Man,1973,1970s,Pop,international,spotify:track:70C4NyhjD5OZUMzvWZ3njJ,no,120.0,Billy Joel,Piano Man,1973,ok
Billy Joel,Just the Way You Are,1977,1970s,Pop,international,spotify:track:49MHCPzvMLXhRjDantBMVH,no,120.0,Billy Joel,Just the Way You Are,1977,ok
Billy Joel,My Life,1978,1970s,Pop,international,spotify:track:4ZoBC5MhSEzuknIgAkBaoT,no,120.0,Billy Joel,My Life,1978,ok
Rod Stewart,Maggie May,1971,1970s,Pop,international,spotify:track:6rovOdp3HgK1DeAMYDzoA7,no,120.0,Rod Stewart,Maggie May,1971,ok
Rod Stewart,Da Ya Think I'm Sexy?,1978,1970s,Pop,international,spotify:track:4z7maGZkAonDlXlwo8q69f,no,120.0,Rod Stewart,Da Ya Think I'm Sexy?,1978,ok
Cat Stevens,Wild World,1970,1970s,Folk / Pop,international,spotify:track:7mjSHL2Eb0kAwiKbvNNyD9,no,112.7,Yusuf / Cat Stevens,Wild World,1970,ok
Cat Stevens,Father and Son,1970,1970s,Folk / Pop,international,spotify:track:476V2d6iA2tWXgQboKmTtA,no,112.7,Yusuf / Cat Stevens,Father And Son,1970,ok
Carole King,It's Too Late,1971,1970s,Pop,international,spotify:track:12q3V8ShACq2PSWINMc2rC,no,120.0,Carole King,It's Too Late,1971,ok
Carole King,You've Got a Friend,1971,1970s,Pop,international,spotify:track:1qhp5owrFGeZ5Jgin28nwR,no,120.0,Carole King,You've Got a Friend,1971,ok
Don McLean,American Pie,1971,1970s,Folk / Pop,international,spotify:track:2QgWuCtBpNIpl5trmKCxRf,no,109.0,Don McLean,American Pie,1988,ok
Harry Nilsson,Without You,1971,1970s,Pop,international,spotify:track:6MrILERJLA3Jcq0E9poZsp,no,120.0,Harry Nilsson,Without You,1971,ok
Gilbert O'Sullivan,Alone Again (Naturally),1972,1970s,Pop,international,spotify:track:54pvEYFocTlvIAQOfXSjqV,no,120.0,Gilbert O'Sullivan,Alone Again (Naturally),1972,ok
T. Rex,Get It On,1971,1970s,Rock,international,spotify:track:0LoQuiekvzqx7n8flgEKzF,no,120.0,T. Rex,Get It On,1971,ok
T. Rex,Hot Love,1971,1970s,Rock,international,spotify:track:3Kl10efpd4J1rb8wnJD4MH,no,109.0,T. Rex,Hot Love,2022,ok
Slade,Cum On Feel the Noize,1973,1970s,Rock,international,spotify:track:5ePlRY3BWAYIgkb4B68yA7,no,109.0,Slade,Cum On Feel The Noize,2023,ok
Sweet,Ballroom Blitz,1973,1970s,Rock,international,spotify:track:6k6j3ZUljY1QLTMbc8VqB0,no,109.0,Sweet,Ballroom Blitz,2017,ok
Sweet,Fox on the Run,1975,1970s,Rock,international,spotify:track:4yJZP61jBhVTesHBZ0gpQn,no,109.0,Sweet,Fox on the Run - Single Version,2016,ok
Electric Light Orchestra,Mr. Blue Sky,1977,1970s,Pop / Rock,international,spotify:track:2RlgNHKcydI9sayD2Df2xp,no,120.0,Electric Light Orchestra,Mr. Blue Sky,1977,ok
Electric Light Orchestra,Livin' Thing,1976,1970s,Pop / Rock,international,spotify:track:2hdNya0b6Cc2YJ8IyaQIWp,no,120.0,Electric Light Orchestra,Livin' Thing,1976,ok
Steve Miller Band,The Joker,1973,1970s,Rock,international,spotify:track:1bp2IO61zbQrbWNmKKxg3f,no,120.0,Steve Miller Band,The Joker,1973,ok
Steve Miller Band,Fly Like an Eagle,1976,1970s,Rock,international,spotify:track:3e0FzZjTXOUtiJGSClOBrI,no,120.0,Steve Miller Band,Fly Like An Eagle,1976,ok
Steve Miller Band,Rock'n Me,1976,1970s,Rock,international,spotify:track:1orVKbp6vqtfAPOmvRofVq,no,120.0,Steve Miller Band,Rock'n Me,1976,ok
Santana,Black Magic Woman,1970,1970s,Rock,international,spotify:track:4nmne9J3YCEdhvjTzwiAgu,no,109.0,Santana,Black Magic Woman,2007,ok
Santana,Oye Como Va,1970,1970s,Rock,international,spotify:track:5u6y4u5EgDv0peILf60H5t,no,120.0,Santana,Oye Como Va,1970,ok
Steely Dan,Reelin' in the Years,1972,1970s,Rock,international,spotify:track:1x1XQqhBViz4opcpwc7FVs,no,120.0,Steely Dan,Reelin' In The Years,1972,ok
Golden Earring,Radar Love,1973,1970s,Rock,international,spotify:track:5tU9JM1v72X7oM808Am6Fq,no,120.0,Golden Earring,Radar Love,1973,ok
The Knack,My Sharona,1979,1970s,Rock,international,spotify:track:1HOMkjp0nHMaTnfAkslCQj,no,120.0,The Knack,My Sharona,1979,ok
Blondie,Heart of Glass,1978,1970s,Pop / Rock,international,spotify:track:4v2rkl1mC3zVAz0nXMx9r4,no,120.0,Blondie,Heart Of Glass,1978,ok
Blondie,One Way or Another,1978,1970s,Pop / Rock,international,spotify:track:59CLe8stbcx4XYBWdsfbwK,no,120.0,Blondie,One Way Or Another,1978,ok
The Police,Roxanne,1978,1970s,Rock,international,spotify:track:3EYOJ48Et32uATr9ZmLnAo,no,120.0,The Police,Roxanne,1978,ok
The Police,Message in a Bottle,1979,1970s,Rock,international,spotify:track:1oYYd2gnWZYrt89EBXdFiO,no,120.0,The Police,Message In A Bottle,1979,ok
ABBA,Waterloo,1974,1970s,Pop,international,spotify:track:3Dy4REq8O09IlgiwuHQ3sk,no,120.0,ABBA,Waterloo,1974,ok
ABBA,Mamma Mia,1975,1970s,Pop,international,spotify:track:2TxCwUlqaOH3TIyJqGgR91,no,120.0,ABBA,Mamma Mia,1975,ok
ABBA,SOS,1975,1970s,Pop,international,spotify:track:6yZv0Nl6BXABbXoPVpfF5y,no,120.0,ABBA,SOS,1975,ok
ABBA,Dancing Queen,1976,1970s,Pop,international,spotify:track:0GjEhVFGZW8afUYGChu3Rr,no,120.0,ABBA,Dancing Queen,1976,ok
ABBA,"Knowing Me, Knowing You",1976,1970s,Pop,international,spotify:track:798cuJeotvXP8UVa8GJPnD,no,120.0,ABBA,"Knowing Me, Knowing You",1976,ok
ABBA,Take a Chance on Me,1977,1970s,Pop,international,spotify:track:5BckPAYcKEJuYs1eV1BHHe,no,120.0,ABBA,Take A Chance On Me,1977,ok
ABBA,Gimme! Gimme! Gimme! (A Man After Midnight),1979,1970s,Pop,international,spotify:track:3vkQ5DAB1qQMYO4Mr9zJN6,no,120.0,ABBA,Gimme! Gimme! Gimme! (A Man After Midnight),1979,ok
Bee Gees,How Deep Is Your Love,1977,1970s,Disco / Pop,international,spotify:track:0qp2BkreL7bxaFdc25VihQ,no,120.0,Bee Gees,How Deep Is Your Love,1977,ok
Bee Gees,Stayin' Alive,1977,1970s,Disco / Pop,international,spotify:track:5ubvP9oKmxLUVq506fgLhk,no,105.0,Bee Gees,Stayin Alive,2020,ok
Bee Gees,Night Fever,1978,1970s,Disco / Pop,international,,no,68.6,,,,not_found
Bee Gees,More Than a Woman,1977,1970s,Disco / Pop,international,,no,77.6,,,,not_found
Donna Summer,Love to Love You Baby,1975,1970s,Disco,international,spotify:track:6Szw3sQC5Zssr15AJsUY9J,no,120.0,Donna Summer,Love To Love You Baby,1975,ok
Donna Summer,I Feel Love,1977,1970s,Disco,international,spotify:track:1vCBk33l9HaWp5FOnhSGxk,no,120.0,Donna Summer,I Feel Love,1977,ok
Donna Summer,Hot Stuff,1979,1970s,Disco,international,spotify:track:3a1Y3KQlBpgwHfvk7psrEH,no,120.0,Donna Summer,Hot Stuff,1979,ok
Gloria Gaynor,I Will Survive,1978,1970s,Disco,international,spotify:track:7rIovIsXE6kMn629b7kDig,no,120.0,Gloria Gaynor,I Will Survive,1978,ok
"Earth, Wind & Fire",September,1978,1970s,Disco / Funk,international,spotify:track:2grjqo0Frpf2okIBiifQKs,no,120.0,"Earth, Wind & Fire",September,1978,ok
"Earth, Wind & Fire",Boogie Wonderland,1979,1970s,Disco / Funk,international,spotify:track:6ztstiyZL6FXzh4aG46ZPD,no,80.5,"Earth, Wind & Fire, The Emotions",Boogie Wonderland (with The Emotions),1979,ok
Chic,Le Freak,1978,1970s,Disco / Funk,international,spotify:track:7Kszjzps0xbQXyo1pO4KfE,no,116.0,CHIC,Le Freak - 2018 Remaster,1978,ok
Chic,Good Times,1979,1970s,Disco / Funk,international,spotify:track:0G3fbPbE1vGeABDEZF0jeG,no,120.0,CHIC,Good Times,1979,ok
Sister Sledge,We Are Family,1979,1970s,Disco,international,spotify:track:5IKLwqBQG6KU6MP2zP80Nu,no,116.0,Sister Sledge,We Are Family - 1995 Remaster,1979,ok
Village People,Y.M.C.A.,1978,1970s,Disco,international,spotify:track:2MtwLMtwLU17payh5C4fYG,no,114.0,Village People,Y.M.C.A,1983,ok
Village People,In the Navy,1979,1970s,Disco,international,spotify:track:6bsmFnY2fYksNwQ9G2Q0k9,no,120.0,Village People,In The Navy,1979,ok
Boney M.,Daddy Cool,1976,1970s,Disco,international,spotify:track:3WMbD1OyfKuwWDWMNbPQ4g,no,120.0,Boney M.,Daddy Cool,1976,ok
Boney M.,Rasputin,1978,1970s,Disco,international,spotify:track:5jkFvD4UJrmdoezzT1FRoP,no,120.0,Boney M.,Rasputin,1978,ok
Boney M.,Rivers of Babylon,1978,1970s,Disco,international,spotify:track:78His8pbKjbDQF7aX5asgv,no,120.0,Boney M.,Rivers of Babylon,1978,ok
KC and the Sunshine Band,That's the Way (I Like It),1975,1970s,Disco,international,spotify:track:3PR79C1jVvLLLmgdyHkXl3,no,116.0,KC & The Sunshine Band,That's the Way (I Like It) - 2004 Remaster,1975,ok
KC and the Sunshine Band,Give It Up,1983,1980s,Disco,international,spotify:track:6yoa7L6BlqYqBHlLL96j6k,no,120.0,KC & The Sunshine Band,Give It Up,1983,ok
The Trammps,Disco Inferno,1976,1970s,Disco,international,spotify:track:5jUA1njy3h6ynHLvPdEVHt,no,120.0,The Trammps,Disco Inferno,1976,ok
The Jacksons,Blame It on the Boogie,1978,1970s,Disco / Funk,international,spotify:track:3qI94hINNNeb4S7xQi18lS,no,120.0,The Jacksons,Blame It on the Boogie,1978,ok
Wild Cherry,Play That Funky Music,1976,1970s,Funk,international,spotify:track:5uuJruktM9fMdN9Va0DUMl,no,120.0,Wild Cherry,Play That Funky Music,1976,ok
Commodores,Easy,1977,1970s,Soul / R&B,international,spotify:track:1JQ6Xm1JrvHfvAqhl5pwaA,no,120.0,Commodores,Easy,1977,ok
Commodores,Three Times a Lady,1978,1970s,Soul / R&B,international,spotify:track:0XNeANPI5Ru5u6gmmunWdS,no,114.0,Commodores,Three Times A Lady,1992,ok
Marvin Gaye,What's Going On,1971,1970s,Soul / R&B,international,spotify:track:3Um9toULmYFGCpvaIPFw7l,no,120.0,Marvin Gaye,What's Going On,1971,ok
Marvin Gaye,Let's Get It On,1973,1970s,Soul / R&B,international,spotify:track:627teoJpK7qZOxRRY8TNnv,no,120.0,Marvin Gaye,Let's Get It On,1973,ok
Al Green,Let's Stay Together,1971,1970s,Soul / R&B,international,spotify:track:63xdwScd1Ai1GigAwQxE8y,no,118.0,Al Green,Let's Stay Together,1972,ok
Bill Withers,Ain't No Sunshine,1971,1970s,Soul / R&B,international,spotify:track:1k1Bqnv2R0uJXQN4u6LKYt,no,120.0,Bill Withers,Ain't No Sunshine,1971,ok
Bill Withers,Lean on Me,1972,1970s,Soul / R&B,international,spotify:track:3M8FzayQWtkvOhqMn2V4T2,no,120.0,Bill Withers,Lean on Me,1972,ok
Stevie Wonder,Superstition,1972,1970s,Soul / Funk,international,spotify:track:4N0TP4Rmj6QQezWV88ARNJ,no,120.0,Stevie Wonder,Superstition,1972,ok
Stevie Wonder,You Are the Sunshine of My Life,1972,1970s,Soul / R&B,international,spotify:track:0n2pjCIMKwHSXoYfEbYMfX,no,120.0,Stevie Wonder,You Are The Sunshine Of My Life,1972,ok
Stevie Wonder,Sir Duke,1976,1970s,Soul / Funk,international,spotify:track:4pNiE4LCVV74vfIBaUHm1b,no,120.0,Stevie Wonder,Sir Duke,1976,ok
Stevie Wonder,Isn't She Lovely,1976,1970s,Soul / R&B,international,spotify:track:3NlLmKBJozwoi0k03Feb1N,no,109.0,Stevie Wonder,Isn't She Lovely,2002,ok
Barry White,"You're the First, the Last, My Everything",1974,1970s,Soul / R&B,international,spotify:track:5dXJ1SoksFkgdx3yxIoYNO,no,120.0,Barry White,"You're The First, The Last, My Everything",1974,ok
The O'Jays,Love Train,1972,1970s,Soul / R&B,international,spotify:track:28285KFbyCq8sJofn58qlD,no,120.0,The O'Jays,Love Train,1972,ok
Thelma Houston,Don't Leave Me This Way,1976,1970s,Disco,international,spotify:track:51qi5dgc9CsotM87GmRkAX,no,120.0,Thelma Houston,Don't Leave Me This Way,1976,ok
M,Pop Muzik,1979,1970s,New Wave,international,spotify:track:5OUviOx2Bbuhq5UyQDuQrd,no,79.9,M / Robin Scott,Pop Muzik,2025,ok
Queen,Another One Bites the Dust,1980,1980s,Rock,international,spotify:track:1KPuohcXPmJYQfdyg9zKmR,no,120.0,Queen,Another One Bites The Dust,1980,ok
Queen,Crazy Little Thing Called Love,1979,1970s,Rock,international,spotify:track:7uON6DWIjXgmLQIfGsWXpV,no,118.0,Queen,Crazy Little Thing Called Love,1980,ok
Queen,Under Pressure,1981,1980s,Rock,international,spotify:track:5oybkyECAyGaDxYLUCPjFh,no,90.5,"Queen, David Bowie",Under Pressure,2002,ok
Queen,Radio Ga Ga,1984,1980s,Rock,international,spotify:track:6N717o83wbmahFGUqkjQj7,no,120.0,Queen,Radio Ga Ga,1984,ok
Queen,I Want to Break Free,1984,1980s,Rock,international,spotify:track:3SfwhRb2CzGGuyUYF64wYR,no,120.0,Queen,I Want To Break Free,1984,ok
Queen,A Kind of Magic,1986,1980s,Rock,international,spotify:track:68Fa3IMF05Rj9lX3TRJepp,no,120.0,Queen,A Kind Of Magic,1986,ok
Queen,The Show Must Go On,1991,1990s,Rock,international,spotify:track:4GHk8YtewHGbk6HsVJ0mcT,no,120.0,Queen,The Show Must Go On,1991,ok
Michael Jackson,Don't Stop 'Til You Get Enough,1979,1970s,Pop,international,spotify:track:46eu3SBuFCXWsPT39Yg3tJ,no,120.0,Michael Jackson,Don't Stop 'Til You Get Enough,1979,ok
Michael Jackson,Rock with You,1979,1970s,Pop,international,spotify:track:7oOOI85fVQvVnK5ynNMdW7,no,120.0,Michael Jackson,Rock with You - Single Version,1979,ok
Michael Jackson,Billie Jean,1982,1980s,Pop,international,spotify:track:7J1uxwnxfQLu4APicE5Rnj,no,120.0,Michael Jackson,Billie Jean,1982,ok
Michael Jackson,Beat It,1982,1980s,Pop,international,spotify:track:3BovdzfaX4jb5KFQwoPfAw,no,120.0,Michael Jackson,Beat It,1982,ok
Michael Jackson,Thriller,1982,1980s,Pop,international,spotify:track:2LlQb7Uoj1kKyGhlkBf9aC,no,120.0,Michael Jackson,Thriller,1982,ok
Michael Jackson,Wanna Be Startin' Somethin',1982,1980s,Pop,international,spotify:track:1hu2s7qkm5bo03eODpRQO3,no,120.0,Michael Jackson,Wanna Be Startin' Somethin',1982,ok
Michael Jackson,Human Nature,1982,1980s,Pop,international,spotify:track:4cgjA7B4fJBHyB9Ya2bu0t,no,120.0,Michael Jackson,Human Nature,1982,ok
Michael Jackson,Bad,1987,1980s,Pop,international,spotify:track:2gSNBigeWMVtY3QBIvPAEc,no,116.0,Michael Jackson,Bad - 2012 Remaster,1987,ok
Michael Jackson,The Way You Make Me Feel,1987,1980s,Pop,international,spotify:track:3Mc2wTPR6atdR1IKgBNYQm,no,120.0,Michael Jackson,The Way You Make Me Feel,1987,ok
Michael Jackson,Man in the Mirror,1987,1980s,Pop,international,spotify:track:3c7Ctlw9MKlIQPxRH3fOTt,no,116.0,Michael Jackson,Man in the Mirror - 2012 Remaster,1987,ok
Michael Jackson,Smooth Criminal,1987,1980s,Pop,international,spotify:track:5T7ywazdGIydr6JCW6t02j,no,116.0,Michael Jackson,Smooth Criminal - 2012 Remaster,1987,ok
Madonna,Holiday,1983,1980s,Pop,international,spotify:track:3ibAzRj9JnowdoLkyllk3n,no,120.0,Madonna,Holiday,1983,ok
Madonna,Like a Virgin,1984,1980s,Pop,international,spotify:track:1ZPlNanZsJSPK5h9YZZFbZ,no,120.0,Madonna,Like a Virgin,1984,ok
Madonna,Material Girl,1984,1980s,Pop,international,spotify:track:0e1VL3FZmkgjKQ7wNmIHNc,no,114.0,Madonna,Material Girl,1990,ok
Madonna,Into the Groove,1985,1980s,Pop,international,spotify:track:3y2Y3Bc6GDxAWAMIpbW7RU,no,120.0,Madonna,Into the Groove,1985,ok
Madonna,Papa Don't Preach,1986,1980s,Pop,international,spotify:track:6A8OnjnpShshNpcqWtZRjr,no,120.0,Madonna,Papa Don't Preach,1986,ok
Madonna,La Isla Bonita,1986,1980s,Pop,international,spotify:track:6r8k1vznHrzlEKYxL4dZEe,no,120.0,Madonna,La Isla Bonita,1986,ok
Madonna,Like a Prayer,1989,1980s,Pop,international,spotify:track:2v7ywbUzCgcVohHaKUcacV,no,120.0,Madonna,Like a Prayer,1989,ok
Prince,1999,1982,1980s,Pop / Funk,international,,no,54.0,,,,not_found
Prince,Little Red Corvette,1982,1980s,Pop / Rock,international,spotify:track:4iozhXt27eMl39W5z7R8H6,no,120.0,Prince,Little Red Corvette,1982,ok
Prince,When Doves Cry,1984,1980s,Pop / Rock,international,spotify:track:6sby78fghipoXHQLeeZFFH,no,120.0,Prince,When Doves Cry,1984,ok
Prince,Purple Rain,1984,1980s,Pop / Rock,international,spotify:track:1uvyZBs4IZYRebHIB1747m,no,120.0,Prince,Purple Rain,1984,ok
Prince,Kiss,1986,1980s,Pop / Funk,international,spotify:track:62LJFaYihsdVrrkgUOJC05,no,120.0,Prince,Kiss,1986,ok
Whitney Houston,How Will I Know,1985,1980s,Pop,international,spotify:track:5tdKaKLnC4SgtDZ6RlWeal,no,120.0,Whitney Houston,How Will I Know,1985,ok
Whitney Houston,Greatest Love of All,1985,1980s,Pop,international,spotify:track:6yJxCltgtmGxIgKOS6ndnu,no,120.0,Whitney Houston,Greatest Love of All,1985,ok
Whitney Houston,I Wanna Dance with Somebody (Who Loves Me),1987,1980s,Pop,international,spotify:track:2tUBqZG2AbRi7Q0BIrVrEj,no,120.0,Whitney Houston,I Wanna Dance with Somebody (Who Loves Me),1987,ok
Whitney Houston,So Emotional,1987,1980s,Pop,international,spotify:track:4l2Edgdj4vla02GCh7YyAv,no,120.0,Whitney Houston,So Emotional,1987,ok
Cyndi Lauper,Girls Just Want to Have Fun,1983,1980s,Pop,international,spotify:track:4y1LsJpmMti1PfRQV9AWWe,no,120.0,Cyndi Lauper,Girls Just Want to Have Fun,1983,ok
Cyndi Lauper,Time After Time,1983,1980s,Pop,international,spotify:track:7o9uu2GDtVDr9nsR7ZRN73,no,120.0,Cyndi Lauper,Time After Time,1983,ok
Cyndi Lauper,True Colors,1986,1980s,Pop,international,spotify:track:2A6yzRGMgSQCUapR2ptm6A,no,120.0,Cyndi Lauper,True Colors,1986,ok
Tina Turner,What's Love Got to Do with It,1984,1980s,Pop,international,spotify:track:3ErsOxqe2RmXkR65wkygDz,no,116.0,Tina Turner,What's Love Got to Do with It - 2015 Remaster,1984,ok
Tina Turner,Private Dancer,1984,1980s,Pop,international,spotify:track:5JjdJK0uGRUk4skRTuQdUZ,no,116.0,Tina Turner,Private Dancer - 2015 Remaster,1984,ok
Tina Turner,The Best,1989,1980s,Pop,international,spotify:track:6pPWRBubXOBAHnjl5ZIujB,no,120.0,Tina Turner,The Best,1989,ok
Bonnie Tyler,Total Eclipse of the Heart,1983,1980s,Pop / Rock,international,spotify:track:7wuJGgpTNzbUyn26IOY6rj,no,109.0,Bonnie Tyler,Total Eclipse of the Heart,2009,ok
Bonnie Tyler,Holding Out for a Hero,1984,1980s,Pop / Rock,international,spotify:track:3qE6p9fN4YeILT0cQcY1cD,no,109.0,Bonnie Tyler,Holding Out for a Hero - Single Version,2009,ok
Laura Branigan,Gloria,1982,1980s,Pop,international,spotify:track:1mskmld5ZKEhRaNvYVPoqZ,no,120.0,Laura Branigan,Gloria,1982,ok
Laura Branigan,Self Control,1984,1980s,Pop,international,spotify:track:4JsQkSOE4taeyhH3pv1een,no,114.0,Laura Branigan,Self Control,1995,ok
Kim Wilde,Kids in America,1981,1980s,Pop,international,spotify:track:3LaHsdzzmvhx6TJedpomVy,no,120.0,Kim Wilde,Kids In America,1981,ok
Kim Wilde,You Keep Me Hangin' On,1986,1980s,Pop,international,spotify:track:1wEeNtO7z41aUqC80shxqK,no,120.0,Kim Wilde,You Keep Me Hangin On,1986,ok
Belinda Carlisle,Heaven Is a Place on Earth,1987,1980s,Pop,international,spotify:track:1ryT9eOWD1JuxPD5ew53SJ,no,120.0,Belinda Carlisle,Heaven Is a Place on Earth,1987,ok
Irene Cara,Flashdance... What a Feeling,1983,1980s,Pop,international,spotify:track:3cbV252akVZInSvJk7jAYX,no,116.0,Irene Cara,Flashdance...What a Feeling - Radio Edit,1983,ok
Kenny Loggins,Footloose,1984,1980s,Pop / Rock,international,spotify:track:6W2VbtvMrDXm5vYeB7amkO,no,114.0,Kenny Loggins,Footloose,1997,ok
Ray Parker Jr.,Ghostbusters,1984,1980s,Pop,international,spotify:track:6thXB4RmajS4oZPNiBAKy0,no,114.0,Ray Parker Jr.,Ghostbusters,1993,ok
Survivor,Eye of the Tiger,1982,1980s,Rock,international,spotify:track:2HHtWyy5CgaQbC7XSoOb0e,no,120.0,Survivor,Eye of the Tiger,1982,ok
Europe,The Final Countdown,1986,1980s,Rock,international,spotify:track:3MrRksHupTVEQ7YbA0FsZK,no,120.0,Europe,The Final Countdown,1986,ok
Bon Jovi,You Give Love a Bad Name,1986,1980s,Rock,international,spotify:track:0rmGAIH9LNJewFw7nKzZnc,no,120.0,Bon Jovi,You Give Love A Bad Name,1986,ok
Bon Jovi,Livin' on a Prayer,1986,1980s,Rock,international,spotify:track:37ZJ0p5Jm13JPevGcx4SkF,no,120.0,Bon Jovi,Livin' On A Prayer,1986,ok
Bon Jovi,Wanted Dead or Alive,1986,1980s,Rock,international,spotify:track:0oerlffJSzhRVvtDfLcp3N,no,116.0,Bon Jovi,Wanted Dead Or Alive,1986,ok
Bon Jovi,Bad Medicine,1988,1980s,Rock,international,spotify:track:72hcFp4tYkd3dbNA9dZ3Pv,no,120.0,Bon Jovi,Bad Medicine,1988,ok
Guns N' Roses,Welcome to the Jungle,1987,1980s,Rock,international,spotify:track:0G21yYKMZoHa30cYVi1iA8,no,120.0,Guns N' Roses,Welcome To The Jungle,1987,ok
Guns N' Roses,Sweet Child o' Mine,1987,1980s,Rock,international,spotify:track:7snQQk1zcKl8gZ92AnueZW,no,120.0,Guns N' Roses,Sweet Child O' Mine,1987,ok
Guns N' Roses,Paradise City,1987,1980s,Rock,international,spotify:track:6eN1f9KNmiWEhpE2RhQqB5,no,120.0,Guns N' Roses,Paradise City,1987,ok
Def Leppard,Pour Some Sugar on Me,1987,1980s,Rock,international,spotify:track:1aZLIbKEdsyqxyD6iNcrbA,no,120.0,Def Leppard,Pour Some Sugar On Me,1987,ok
Def Leppard,Hysteria,1987,1980s,Rock,international,spotify:track:2PFIZFcGry0po3ZfRZkzKc,no,120.0,Def Leppard,Hysteria,1987,ok
Van Halen,Jump,1984,1980s,Rock,international,spotify:track:7N3PAbqfTjSEU1edb2tY8j,no,116.0,Van Halen,Jump - 2015 Remaster,1984,ok
Van Halen,Panama,1984,1980s,Rock,international,spotify:track:05RgAMGypEvqhNs5hPCbMS,no,116.0,Van Halen,Panama - 2015 Remaster,1984,ok
Journey,Don't Stop Believin',1981,1980s,Rock,international,spotify:track:5RKQ5NdjSh2QzD4MaunT91,no,116.0,Journey,Don't Stop Believin' (2022 Remaster),1981,ok
Journey,Open Arms,1981,1980s,Rock,international,spotify:track:29vqBtjJTBLS1f8dKJS4Ht,no,116.0,Journey,Open Arms (2022 Remaster),1981,ok
Foreigner,I Want to Know What Love Is,1984,1980s,Rock,international,spotify:track:1JLn8RhQzHz3qDqsChcmBl,no,116.0,Foreigner,I Want to Know What Love Is - 1999 Remaster,1984,ok
REO Speedwagon,Keep on Loving You,1980,1980s,Rock,international,spotify:track:4rcHWl68ai6KvpXlc8vbnE,no,120.0,REO Speedwagon,Keep on Loving You,1980,ok
REO Speedwagon,Can't Fight This Feeling,1984,1980s,Rock,international,spotify:track:5WwqdeavrQrbeAMDxGawse,no,120.0,REO Speedwagon,Can't Fight This Feeling,1984,ok
Bryan Adams,Run to You,1984,1980s,Rock,international,spotify:track:2RWFncSWZEhSRRifqiDNVV,no,120.0,Bryan Adams,Run To You,1984,ok
Bryan Adams,Summer of '69,1985,1980s,Rock,international,spotify:track:0GONea6G2XdnHWjNZd6zt3,no,118.0,Bryan Adams,Summer Of '69,1984,ok
Bryan Adams,Heaven,1984,1980s,Rock,international,spotify:track:7Ewz6bJ97vUqk5HdkvguFQ,no,120.0,Bryan Adams,Heaven,1984,ok
Bruce Springsteen,Hungry Heart,1980,1980s,Rock,international,spotify:track:1KsI8NEeAna8ZIdojI3FiT,no,120.0,Bruce Springsteen,Hungry Heart,1980,ok
Bruce Springsteen,Dancing in the Dark,1984,1980s,Rock,international,spotify:track:7FwBtcecmlpc1sLySPXeGE,no,120.0,Bruce Springsteen,Dancing In the Dark,1984,ok
Bruce Springsteen,Born in the U.S.A.,1984,1980s,Rock,international,spotify:track:0dOg1ySSI7NkpAe89Zo0b9,no,120.0,Bruce Springsteen,Born in the U.S.A.,1984,ok
Bruce Springsteen,I'm on Fire,1984,1980s,Rock,international,spotify:track:3PzsbWSQdLCKDLxn7YZfkM,no,120.0,Bruce Springsteen,I'm On Fire,1984,ok
Dire Straits,Romeo and Juliet,1980,1980s,Rock,international,spotify:track:0PNt5WTw092eED0ru9SuIp,no,120.0,Dire Straits,Romeo And Juliet,1980,ok
Dire Straits,Money for Nothing,1985,1980s,Rock,international,spotify:track:3BaNanHZ2T0teccVmgufO9,no,120.0,Dire Straits,Money For Nothing,1985,ok
Dire Straits,Walk of Life,1985,1980s,Rock,international,spotify:track:154AZOF93u68bEVcuAIBAN,no,120.0,Dire Straits,Walk Of Life,1985,ok
U2,Sunday Bloody Sunday,1983,1980s,Rock,international,spotify:track:6C4LXC9UFH1IKiHYOp0BiJ,no,112.0,U2,Sunday Bloody Sunday - Remastered 2008,1983,ok
U2,Pride (In the Name of Love),1984,1980s,Rock,international,spotify:track:24rv66H94QGVqIXHjA3kn6,no,114.0,U2,Pride (In The Name Of Love),1998,ok
U2,With or Without You,1987,1980s,Rock,international,spotify:track:6ADSaE87h8Y3lccZlBJdXH,no,120.0,U2,With Or Without You,1987,ok
U2,I Still Haven't Found What I'm Looking For,1987,1980s,Rock,international,spotify:track:6wpGqhRvJGNNXwWlPmkMyO,no,120.0,U2,I Still Haven't Found What I'm Looking For,1987,ok
U2,Where the Streets Have No Name,1987,1980s,Rock,international,spotify:track:2TlXPShOrPn4K51fP0Fykd,no,114.0,U2,Where The Streets Have No Name,1998,ok
The Police,Don't Stand So Close to Me,1980,1980s,Rock,international,spotify:track:5veJDT0MLsLbhYsx42GXUD,no,120.0,The Police,Don't Stand So Close To Me,1980,ok
The Police,Every Little Thing She Does Is Magic,1981,1980s,Rock,international,spotify:track:44aTAUBF0g6sMkMNE8I5kd,no,120.0,The Police,Every Little Thing She Does Is Magic,1981,ok
The Police,Every Breath You Take,1983,1980s,Rock,international,spotify:track:1JSTJqkT5qHq8MDJnJbRE1,no,120.0,The Police,Every Breath You Take,1983,ok
Sting,If You Love Somebody Set Them Free,1985,1980s,Pop / Rock,international,spotify:track:5Xhqe9xu6bKRSqLj1mS1SB,no,120.0,Sting,If You Love Somebody Set Them Free,1985,ok
Sting,Englishman in New York,1987,1980s,Pop / Rock,international,spotify:track:4KFM3A5QF2IMcc6nHsu3Wp,no,120.0,Sting,Englishman In New York,1987,ok
Phil Collins,In the Air Tonight,1981,1980s,Pop,international,spotify:track:18AXbzPzBS8Y3AkgSxzJPb,no,116.0,Phil Collins,In the Air Tonight - 2015 Remaster,1981,ok
Phil Collins,You Can't Hurry Love,1982,1980s,Pop,international,spotify:track:4YwbSZaYeYja8Umyt222Qf,no,116.0,Phil Collins,You Can't Hurry Love - 2016 Remaster,1982,ok
Phil Collins,Against All Odds (Take a Look at Me Now),1984,1980s,Pop,international,spotify:track:63CHa6rmamv9OsehkRD8oz,no,105.0,Phil Collins,Against All Odds (Take a Look at Me Now) - 2016 Remaster,2016,ok
Phil Collins,Sussudio,1985,1980s,Pop,international,spotify:track:4qM461TqtpnP4GLRIXwEnW,no,116.0,Phil Collins,Sussudio - 2016 Remaster,1985,ok
Genesis,Mama,1983,1980s,Rock,international,spotify:track:6kIwzLSiQU51taaaZ9zWSE,no,116.0,Genesis,Mama - 2007 Remaster,1983,ok
Genesis,Invisible Touch,1986,1980s,Pop / Rock,international,spotify:track:3vRnsVnMnMjDDKVBYy0Bwl,no,120.0,Genesis,Invisible Touch - Single Version,1986,ok
Peter Gabriel,Sledgehammer,1986,1980s,Pop / Rock,international,spotify:track:029NqmIySn1kOY305AAhxT,no,120.0,Peter Gabriel,Sledgehammer,1986,ok
Peter Gabriel,Big Time,1986,1980s,Pop / Rock,international,spotify:track:3a5pQvGk6j9prnfJOXC3iT,no,120.0,Peter Gabriel,Big Time,1986,ok
Tears for Fears,Shout,1984,1980s,Pop,international,spotify:track:2gQaQUhDCNGfBVXTvxAmXQ,no,118.0,Tears For Fears,Shout,1985,ok
Tears for Fears,Everybody Wants to Rule the World,1985,1980s,Pop,international,spotify:track:2YiCMmONQcoMPX2bV1LxE0,no,120.0,Tears For Fears,Everybody Wants To Rule The World,1985,ok
Duran Duran,Girls on Film,1981,1980s,Pop,international,spotify:track:4EFkvOhgAmlHEfDfvfSoh5,no,116.0,Duran Duran,Girls on Film - 2010 Remaster,1981,ok
Duran Duran,Hungry Like the Wolf,1982,1980s,Pop,international,spotify:track:39lSeqnyjZJejRuaREfyLL,no,116.0,Duran Duran,Hungry Like the Wolf - 2009 Remaster,1982,ok
Duran Duran,Rio,1982,1980s,Pop,international,spotify:track:17odGcODTYfHJsS45fPq96,no,120.0,Duran Duran,Rio,1982,ok
Duran Duran,The Reflex,1984,1980s,Pop,international,spotify:track:21ORFcdxY0rKvVJk9uSiWZ,no,120.0,Duran Duran,The Reflex,1984,ok
Duran Duran,A View to a Kill,1985,1980s,Pop,international,spotify:track:6I4snLrVOrJsLdd43isc27,no,114.0,Duran Duran,A View to a Kill,1989,ok
Spandau Ballet,True,1983,1980s,Pop,international,spotify:track:10I09MLZCY4pK37XxAfkw0,no,116.0,Spandau Ballet,True - 2003 Remaster,1983,ok
a-ha,Take on Me,1985,1980s,Pop,international,spotify:track:2WfaOiMkCvy7F5fcp2zZ8L,no,120.0,a-ha,Take on Me,1985,ok
a-ha,The Sun Always Shines on T.V.,1985,1980s,Pop,international,spotify:track:0HoaLXRp7jJtdQFunUyUGc,no,120.0,a-ha,The Sun Always Shines on T.V.,1985,ok
Wham!,Wake Me Up Before You Go-Go,1984,1980s,Pop,international,spotify:track:0ikz6tENMONtK6qGkOrU3c,no,120.0,Wham!,Wake Me Up Before You Go-Go,1984,ok
Wham!,Last Christmas,1984,1980s,Pop,international,spotify:track:2FRnf9qhLbvw8fu4IBXx78,no,120.0,Wham!,Last Christmas,1984,ok
George Michael,Faith,1987,1980s,Pop,international,spotify:track:1BPV0o3XxA6vItAFSrMMEj,no,120.0,George Michael,Faith,1987,ok
George Michael,Father Figure,1987,1980s,Pop,international,spotify:track:1dPDTi85C6Bek1K0EKB51K,no,120.0,George Michael,Father Figure,1987,ok
George Michael,One More Try,1987,1980s,Pop,international,spotify:track:1zMXwFmgdu7dMHzSZr22EO,no,118.0,George Michael,One More Try,1988,ok
Rick Astley,Never Gonna Give You Up,1987,1980s,Pop,international,spotify:track:4PTG3Z6ehGkBFwjybzWkR8,no,120.0,Rick Astley,Never Gonna Give You Up,1987,ok
Rick Astley,Together Forever,1988,1980s,Pop,international,spotify:track:00isIFJWVpXIQ8HkGICSQp,no,118.0,Rick Astley,Together Forever,1987,ok
Eurythmics,Sweet Dreams (Are Made of This),1983,1980s,Pop,international,spotify:track:1TfqLAPs4K3s2rJMoCokcS,no,96.8,"Eurythmics, Annie Lennox, Dave Stewart",Sweet Dreams (Are Made of This) - 2005 Remaster,1983,ok
Eurythmics,Here Comes the Rain Again,1983,1980s,Pop,international,spotify:track:3ZooowctgcKwNx7XtRK3W0,no,94.8,"Eurythmics, Annie Lennox, Dave Stewart",Here Comes the Rain Again,1991,ok
Eurythmics,There Must Be an Angel (Playing with My Heart),1985,1980s,Pop,international,spotify:track:487afb1uhQ0QHTgg5gUJos,no,100.8,"Eurythmics, Annie Lennox, Dave Stewart",There Must Be an Angel (Playing with My Heart),1985,ok
Culture Club,Do You Really Want to Hurt Me,1982,1980s,Pop,international,spotify:track:1I6q6nwNjNgik1Qe8Oi0Y7,no,120.0,Culture Club,Do You Really Want To Hurt Me,1982,ok
Culture Club,Karma Chameleon,1983,1980s,Pop,international,spotify:track:3XDeeP9wBZzGhIPZmLfEEx,no,120.0,Culture Club,Karma Chameleon,1983,ok
Pet Shop Boys,West End Girls,1985,1980s,Pop,international,spotify:track:5Dqik1P9toCJTLj5rEm78s,no,114.0,Pet Shop Boys,West End Girls,1998,ok
Pet Shop Boys,It's a Sin,1987,1980s,Pop,international,spotify:track:5fy4vfEtv6lzqLx2Mt7stF,no,116.0,Pet Shop Boys,It's a Sin - 2018 Remaster,1987,ok
Pet Shop Boys,Always on My Mind,1987,1980s,Pop,international,spotify:track:07ABETRdek3ACMpRPvQuaT,no,114.0,Pet Shop Boys,Always on My Mind,1998,ok
Depeche Mode,Just Can't Get Enough,1981,1980s,Alternative,international,spotify:track:0qi4b1l0eT3jpzeNHeFXDT,no,120.0,Depeche Mode,Just Can't Get Enough,1981,ok
Depeche Mode,People Are People,1984,1980s,Alternative,international,spotify:track:4WoKuMjwJXuy9IqX6AH5JE,no,120.0,Depeche Mode,People Are People,1984,ok
Depeche Mode,Personal Jesus,1989,1980s,Alternative,international,spotify:track:2wUlYDGGXlSvm2NkGj0Qio,no,118.0,Depeche Mode,Personal Jesus,1990,ok
New Order,Blue Monday,1983,1980s,Alternative,international,spotify:track:6hHc7Pks7wtBIW8Z6A0iFq,no,114.0,New Order,Blue Monday,1987,ok
New Order,Bizarre Love Triangle,1986,1980s,Alternative,international,spotify:track:6wVViUl2xSRoDK2T7dMZbR,no,120.0,New Order,Bizarre Love Triangle,1986,ok
The Cure,Just Like Heaven,1987,1980s,Alternative,international,spotify:track:0lNudhCTfcGBQVvSO22g4r,no,120.0,The Cure,Just Like Heaven,1987,ok
The Cure,Lovesong,1989,1980s,Alternative,international,spotify:track:49edirvFZwWjxAMZJRg1hN,no,114.0,The Cure,Lovesong,2001,ok
The Cure,Friday I'm in Love,1992,1990s,Alternative,international,spotify:track:4QlzkaRHtU8gAdwqjWmO8n,no,120.0,The Cure,Friday I'm In Love,1992,ok
The Smiths,This Charming Man,1983,1980s,Alternative,international,spotify:track:1FvDJ9KGxcqwv1utyPL3JZ,no,114.0,The Smiths,This Charming Man - 2011 Remaster,1984,ok
The Smiths,There Is a Light That Never Goes Out,1986,1980s,Alternative,international,spotify:track:0WQiDwKJclirSYG9v5tayI,no,116.0,The Smiths,There Is a Light That Never Goes Out - 2011 Remaster,1986,ok
INXS,Need You Tonight,1987,1980s,Rock,international,spotify:track:3h04eZTnmFLRMjZajbrp2R,no,120.0,INXS,Need You Tonight,1987,ok
INXS,Never Tear Us Apart,1987,1980s,Rock,international,spotify:track:1GjbTNFImFrjFsNdleDe78,no,120.0,INXS,Never Tear Us Apart,1987,ok
Simple Minds,Don't You (Forget About Me),1985,1980s,Pop / Rock,international,spotify:track:5Y8Rj0s6wuM5DlQdllYiWl,no,109.0,Simple Minds,Don't You (Forget About Me),2025,ok
Talk Talk,It's My Life,1984,1980s,Pop,international,spotify:track:4jhsuQCUCJKA5f0bXb6XdJ,no,116.0,Talk Talk,It's My Life - 1997 Remaster,1984,ok
Soft Cell,Tainted Love,1981,1980s,Pop,international,spotify:track:0cGG2EouYCEEC3xfa0tDFV,no,120.0,Soft Cell,Tainted Love,1981,ok
The Human League,Don't You Want Me,1981,1980s,Pop,international,spotify:track:7zhtLp2V3lNXdllknAqbKk,no,120.0,The Human League,Don't You Want Me,1981,ok
OMD,Enola Gay,1980,1980s,Pop,international,spotify:track:7bJSbd2Upa4iYVHlbRKEJm,no,79.7,Orchestral Manoeuvres In The Dark,Enola Gay,1988,ok
Nena,99 Luftballons,1983,1980s,Pop,international,spotify:track:2IJftBfq7pJ43tfnOR0RB3,no,120.0,Nena,99 Luftballons,1983,ok
Men at Work,Down Under,1981,1980s,Pop / Rock,international,spotify:track:3ZZq9396zv8pcn5GYVhxUi,no,120.0,Men At Work,Down Under,1981,ok
Men at Work,Who Can It Be Now?,1981,1980s,Pop / Rock,international,spotify:track:5rfJ2Bq2PEL8yBjZLzouEu,no,120.0,Men At Work,Who Can It Be Now?,1981,ok
Toto,Africa,1982,1980s,Rock,international,spotify:track:2374M0fQpWi3dLnB54qaLX,no,120.0,TOTO,Africa,1982,ok
Toto,Rosanna,1982,1980s,Rock,international,spotify:track:37BTh5g05cxBIRYMbw8g2T,no,120.0,TOTO,Rosanna,1982,ok
The Cars,Drive,1984,1980s,Pop / Rock,international,spotify:track:2lFFiNm0XtgJ6wkdncTB4k,no,116.0,The Cars,Drive - 2017 Remaster,1984,ok
The Cars,You Might Think,1984,1980s,Pop / Rock,international,spotify:track:35wVRTJlUu2kDkqXFegOKt,no,120.0,The Cars,You Might Think,1984,ok
ZZ Top,Gimme All Your Lovin',1983,1980s,Rock,international,spotify:track:29uKzagduhFDTWPCjqaGOg,no,120.0,ZZ Top,Gimme All Your Lovin',1983,ok
ZZ Top,Sharp Dressed Man,1983,1980s,Rock,international,spotify:track:0bRNszTbTFLNlunAeh7eom,no,116.0,ZZ Top,Sharp Dressed Man (2008 Remaster),1983,ok
Joan Jett & the Blackhearts,I Love Rock 'n Roll,1981,1980s,Rock,international,spotify:track:4jTqsgDaffdNH0BMBwhjFv,no,120.0,Joan Jett & the Blackhearts,I Love Rock 'N Roll,1981,ok
Pat Benatar,Love Is a Battlefield,1983,1980s,Rock,international,spotify:track:06dAFXkgM2OGAkGS3CxpEm,no,120.0,Pat Benatar,Love Is A Battlefield,1983,ok
Heart,Alone,1987,1980s,Rock,international,spotify:track:54b8qPFqYqIndfdxiLApea,no,120.0,Heart,Alone,1987,ok
Starship,We Built This City,1985,1980s,Pop / Rock,international,spotify:track:6OnfBiiSc9RGKiBKKtZXgQ,no,120.0,Starship,We Built This City,1985,ok
Starship,Nothing's Gonna Stop Us Now,1987,1980s,Pop / Rock,international,spotify:track:3X7uFMzJrEE0sxn62qd8Ch,no,120.0,Starship,Nothing's Gonna Stop Us Now,1987,ok
Kenny Rogers & Dolly Parton,Islands in the Stream,1983,1980s,Country / Pop,international,spotify:track:6dnco8haegnJYtylV26cBq,no,106.1,"Dolly Parton, Kenny Rogers",Islands In the Stream,1982,ok
Dolly Parton,9 to 5,1980,1980s,Country / Pop,international,spotify:track:4w3tQBXhn5345eUXDGBWZG,no,120.0,Dolly Parton,9 to 5,1980,ok
Lionel Richie,Hello,1983,1980s,Soul / Pop,international,spotify:track:6HMvJcdw6qLsyV1b5x29sa,no,120.0,Lionel Richie,Hello,1983,ok
Lionel Richie,All Night Long (All Night),1983,1980s,Soul / Pop,international,spotify:track:1DxT6f6mH7kLriOUWbujup,no,120.0,Lionel Richie,All Night Long (All Night),1983,ok
Stevie Wonder,I Just Called to Say I Love You,1984,1980s,Soul / Pop,international,spotify:track:5ML494lipDt09ZKhEOYMWd,no,114.0,Stevie Wonder,I Just Called To Say I Love You - Single Version,1993,ok
Kool & the Gang,Celebration,1980,1980s,Funk / Pop,international,spotify:track:3K7Q9PHUWPTaknlbFPThn2,no,120.0,Kool & The Gang,Celebration,1980,ok
Kool & the Gang,Get Down on It,1981,1980s,Funk / Pop,international,spotify:track:4Cv6ongCvJy9JfSkWVnb5D,no,120.0,Kool & The Gang,Get Down On It,1981,ok
"Earth, Wind & Fire",Let's Groove,1981,1980s,Funk / Pop,international,spotify:track:3koCCeSaVUyrRo3N2gHrd8,no,120.0,"Earth, Wind & Fire",Let's Groove,1981,ok
The Pointer Sisters,I'm So Excited,1982,1980s,Pop,international,,no,,,,,
The Pointer Sisters,Jump (For My Love),1983,1980s,Pop,international,,no,,,,,
Chaka Khan,I Feel for You,1984,1980s,Soul / Pop,international,,no,,,,,
Sade,Smooth Operator,1984,1980s,Soul / Pop,international,,no,,,,,
Sade,The Sweetest Taboo,1985,1980s,Soul / Pop,international,,no,,,,,
Terence Trent D'Arby,Sign Your Name,1987,1980s,Soul / Pop,international,,no,,,,,
Tracy Chapman,Fast Car,1988,1980s,Folk / Pop,international,,no,,,,,
Tracy Chapman,Talkin' 'bout a Revolution,1988,1980s,Folk / Pop,international,,no,,,,,
Bobby McFerrin,Don't Worry Be Happy,1988,1980s,Pop,international,,no,,,,,
Bangles,Walk Like an Egyptian,1986,1980s,Pop,international,,no,,,,,
Bangles,Eternal Flame,1988,1980s,Pop,international,,no,,,,,
The B-52's,Love Shack,1989,1980s,Pop / Rock,international,,no,,,,,
Roxette,The Look,1988,1980s,Pop,international,,no,,,,,
Roxette,Listen to Your Heart,1988,1980s,Pop,international,,no,,,,,
Fine Young Cannibals,She Drives Me Crazy,1988,1980s,Pop,international,,no,,,,,
Technotronic,Pump Up the Jam,1989,1980s,Dance,international,,no,,,,,
Soul II Soul,Back to Life (However Do You Want Me),1989,1980s,Soul / R&B,international,,no,,,,,
Nirvana,Smells Like Teen Spirit,1991,1990s,Alternative / Rock,international,,no,,,,,
Nirvana,Come as You Are,1991,1990s,Alternative / Rock,international,,no,,,,,
Nirvana,Lithium,1991,1990s,Alternative / Rock,international,,no,,,,,
Pearl Jam,Alive,1991,1990s,Alternative / Rock,international,,no,,,,,
Pearl Jam,Jeremy,1991,1990s,Alternative / Rock,international,,no,,,,,
R.E.M.,Losing My Religion,1991,1990s,Alternative,international,,no,,,,,
R.E.M.,Everybody Hurts,1992,1990s,Alternative,international,,no,,,,,
R.E.M.,Man on the Moon,1992,1990s,Alternative,international,,no,,,,,
Red Hot Chili Peppers,Under the Bridge,1991,1990s,Alternative / Rock,international,,no,,,,,
Red Hot Chili Peppers,Give It Away,1991,1990s,Alternative / Rock,international,,no,,,,,
Red Hot Chili Peppers,Scar Tissue,1999,1990s,Alternative / Rock,international,,no,,,,,
Red Hot Chili Peppers,Otherside,1999,1990s,Alternative / Rock,international,,no,,,,,
Green Day,Basket Case,1994,1990s,Alternative / Rock,international,,no,,,,,
Green Day,When I Come Around,1994,1990s,Alternative / Rock,international,,no,,,,,
The Cranberries,Linger,1993,1990s,Alternative,international,,no,,,,,
The Cranberries,Zombie,1994,1990s,Alternative / Rock,international,,no,,,,,
Oasis,Supersonic,1994,1990s,Alternative / Rock,international,,no,,,,,
Oasis,Live Forever,1994,1990s,Alternative / Rock,international,,no,,,,,
Oasis,Wonderwall,1995,1990s,Alternative / Rock,international,,no,,,,,
Oasis,Don't Look Back in Anger,1995,1990s,Alternative / Rock,international,,no,,,,,
Blur,Girls & Boys,1994,1990s,Alternative,international,,no,,,,,
Blur,Parklife,1994,1990s,Alternative,international,,no,,,,,
Blur,Song 2,1997,1990s,Alternative / Rock,international,,no,,,,,
Pulp,Common People,1995,1990s,Alternative,international,,no,,,,,
Radiohead,Creep,1992,1990s,Alternative,international,,no,,,,,
Radiohead,High and Dry,1995,1990s,Alternative,international,,no,,,,,
Radiohead,Karma Police,1997,1990s,Alternative,international,,no,,,,,
The Verve,Bitter Sweet Symphony,1997,1990s,Alternative,international,,no,,,,,
Foo Fighters,Everlong,1997,1990s,Alternative / Rock,international,,no,,,,,
Foo Fighters,Learn to Fly,1999,1990s,Alternative / Rock,international,,no,,,,,
No Doubt,Just a Girl,1995,1990s,Alternative,international,,no,,,,,
No Doubt,Don't Speak,1995,1990s,Alternative,international,,no,,,,,
Alanis Morissette,You Oughta Know,1995,1990s,Alternative,international,,no,,,,,
Alanis Morissette,Ironic,1995,1990s,Alternative,international,,no,,,,,
The Offspring,Self Esteem,1994,1990s,Alternative / Rock,international,,no,,,,,
The Offspring,Pretty Fly (For a White Guy),1998,1990s,Alternative / Rock,international,,no,,,,,
Metallica,Enter Sandman,1991,1990s,Rock,international,,no,,,,,
Metallica,Nothing Else Matters,1991,1990s,Rock,international,,no,,,,,
Guns N' Roses,November Rain,1991,1990s,Rock,international,,no,,,,,
Guns N' Roses,Knockin' on Heaven's Door,1990,1990s,Rock,international,,no,,,,,
Aerosmith,Cryin',1993,1990s,Rock,international,,no,,,,,
Aerosmith,I Don't Want to Miss a Thing,1998,1990s,Rock,international,,no,,,,,
Bon Jovi,Always,1994,1990s,Rock,international,,no,,,,,
Lenny Kravitz,Are You Gonna Go My Way,1993,1990s,Rock,international,,no,,,,,
Lenny Kravitz,Fly Away,1998,1990s,Rock,international,,no,,,,,
4 Non Blondes,What's Up?,1992,1990s,Alternative,international,,no,,,,,
Crash Test Dummies,Mmm Mmm Mmm Mmm,1993,1990s,Alternative,international,,no,,,,,
Fools Garden,Lemon Tree,1995,1990s,Pop,international,,no,,,,,
Natalie Imbruglia,Torn,1997,1990s,Pop,international,,no,,,,,
Sixpence None the Richer,Kiss Me,1998,1990s,Pop,international,,no,,,,,
The Cardigans,Lovefool,1996,1990s,Pop,international,,no,,,,,
Savage Garden,Truly Madly Deeply,1997,1990s,Pop,international,,no,,,,,
Savage Garden,I Want You,1996,1990s,Pop,international,,no,,,,,
Shania Twain,Man! I Feel Like a Woman!,1997,1990s,Country / Pop,international,,no,,,,,
Shania Twain,You're Still the One,1997,1990s,Country / Pop,international,,no,,,,,
Faith Hill,This Kiss,1998,1990s,Country / Pop,international,,no,,,,,
Cher,Believe,1998,1990s,Pop,international,,no,,,,,
Celine Dion,The Power of Love,1993,1990s,Pop,international,,no,,,,,
Celine Dion,Because You Loved Me,1996,1990s,Pop,international,,no,,,,,
Celine Dion,My Heart Will Go On,1997,1990s,Pop,international,,no,,,,,
Whitney Houston,I Will Always Love You,1992,1990s,Pop,international,,no,,,,,
Mariah Carey,Vision of Love,1990,1990s,Pop,international,,no,,,,,
Mariah Carey,Hero,1993,1990s,Pop,international,,no,,,,,
Mariah Carey,Fantasy,1995,1990s,Pop,international,,no,,,,,
Mariah Carey,Always Be My Baby,1995,1990s,Pop,international,,no,,,,,
Mariah Carey,Heartbreaker,1999,1990s,Pop,international,,no,,,,,
George Michael,Freedom! '90,1990,1990s,Pop,international,,no,,,,,
George Michael,Jesus to a Child,1996,1990s,Pop,international,,no,,,,,
Elton John,Can You Feel the Love Tonight,1994,1990s,Pop,international,,no,,,,,
Elton John,Candle in the Wind 1997,1997,1990s,Pop,international,,no,,,,,
Roxette,It Must Have Been Love,1990,1990s,Pop,international,,no,,,,,
Roxette,Joyride,1991,1990s,Pop,international,,no,,,,,
Roxette,How Do You Do!,1992,1990s,Pop,international,,no,,,,,
Bryan Adams,(Everything I Do) I Do It for You,1991,1990s,Pop / Rock,international,,no,,,,,
Bryan Adams,Please Forgive Me,1993,1990s,Pop / Rock,international,,no,,,,,
Sting,Fields of Gold,1993,1990s,Pop,international,,no,,,,,
Sting,Shape of My Heart,1993,1990s,Pop,international,,no,,,,,
Seal,Crazy,1990,1990s,Soul / Pop,international,,no,,,,,
Seal,Kiss from a Rose,1994,1990s,Soul / Pop,international,,no,,,,,
Sinead O'Connor,Nothing Compares 2 U,1990,1990s,Pop,international,,no,,,,,
Annie Lennox,Why,1992,1990s,Pop,international,,no,,,,,
The Corrs,Runaway,1995,1990s,Pop,international,,no,,,,,
The Corrs,Dreams,1998,1990s,Pop,international,,no,,,,,
Backstreet Boys,Quit Playing Games (With My Heart),1996,1990s,Pop,international,,no,,,,,
Backstreet Boys,Everybody (Backstreet's Back),1997,1990s,Pop,international,,no,,,,,
Backstreet Boys,As Long as You Love Me,1997,1990s,Pop,international,,no,,,,,
Backstreet Boys,I Want It That Way,1999,1990s,Pop,international,,no,,,,,
Spice Girls,Wannabe,1996,1990s,Pop,international,,no,,,,,
Spice Girls,Say You'll Be There,1996,1990s,Pop,international,,no,,,,,
Spice Girls,2 Become 1,1996,1990s,Pop,international,,no,,,,,
Spice Girls,Spice Up Your Life,1997,1990s,Pop,international,,no,,,,,
NSYNC,Tearin' Up My Heart,1997,1990s,Pop,international,,no,,,,,
Britney Spears,...Baby One More Time,1998,1990s,Pop,international,,no,,,,,
Britney Spears,Sometimes,1999,1990s,Pop,international,,no,,,,,
Christina Aguilera,Genie in a Bottle,1999,1990s,Pop,international,,no,,,,,
Jennifer Lopez,If You Had My Love,1999,1990s,Pop,international,,no,,,,,
Ricky Martin,Livin' la Vida Loca,1999,1990s,Pop,international,,no,,,,,
Ricky Martin,She Bangs,2000,2000s,Pop,international,spotify:track:1uPrIHgYztXSkkcts9jet8,no,78.0,Ricky Martin,She Bangs - English Version,2000,ok
Lou Bega,Mambo No. 5 (A Little Bit of...),1999,1990s,Pop,international,,no,,,,,
Hanson,MMMBop,1997,1990s,Pop,international,,no,,,,,
Aqua,Barbie Girl,1997,1990s,Dance / Pop,international,,no,,,,,
Aqua,Doctor Jones,1997,1990s,Dance / Pop,international,,no,,,,,
Ace of Base,All That She Wants,1992,1990s,Pop,international,,no,,,,,
Ace of Base,The Sign,1993,1990s,Pop,international,,no,,,,,
Ace of Base,Beautiful Life,1995,1990s,Pop,international,,no,,,,,
Scatman John,Scatman (Ski-Ba-Bop-Ba-Dop-Bop),1994,1990s,Dance,international,,no,,,,,
Scatman John,Scatman's World,1995,1990s,Dance,international,,no,,,,,
Rednex,Cotton Eye Joe,1994,1990s,Dance,international,,no,,,,,
Los del Río,Macarena,1993,1990s,Dance / Pop,international,,no,,,,,
Eiffel 65,Blue (Da Ba Dee),1998,1990s,Dance,international,,no,,,,,
Culture Beat,Mr. Vain,1993,1990s,Dance,international,,no,,,,,
Haddaway,What Is Love,1993,1990s,Dance,international,,no,,,,,
Snap!,Rhythm Is a Dancer,1992,1990s,Dance,international,,no,,,,,
2 Unlimited,No Limit,1993,1990s,Dance,international,,no,,,,,
2 Unlimited,Get Ready for This,1991,1990s,Dance,international,,no,,,,,
Corona,The Rhythm of the Night,1993,1990s,Dance,international,,no,,,,,
La Bouche,Be My Lover,1995,1990s,Dance,international,,no,,,,,
Real McCoy,Another Night,1993,1990s,Dance,international,,no,,,,,
Dr. Alban,It's My Life,1992,1990s,Dance,international,,no,,,,,
Dr. Alban,Sing Hallelujah!,1992,1990s,Dance,international,,no,,,,,
Vengaboys,We Like to Party! (The Vengabus),1998,1990s,Dance,international,,no,,,,,
Vengaboys,"Boom, Boom, Boom, Boom!!",1998,1990s,Dance,international,,no,,,,,
Vengaboys,We're Going to Ibiza!,1999,1990s,Dance,international,,no,,,,,
Whigfield,Saturday Night,1994,1990s,Dance,international,,no,,,,,
Gala,Freed from Desire,1996,1990s,Dance,international,,no,,,,,
Ultra Naté,Free,1997,1990s,Dance,international,,no,,,,,
Faithless,Insomnia,1995,1990s,Dance,international,,no,,,,,
Robert Miles,Children,1995,1990s,Dance / Electronic,international,,no,,,,,
Darude,Sandstorm,1999,1990s,Dance / Electronic,international,,no,,,,,
ATB,9 PM (Till I Come),1998,1990s,Dance / Electronic,international,,no,,,,,
The Chemical Brothers,Hey Boy Hey Girl,1999,1990s,Electronic,international,,no,,,,,
The Prodigy,Firestarter,1996,1990s,Electronic,international,,no,,,,,
The Prodigy,Breathe,1996,1990s,Electronic,international,,no,,,,,
Fatboy Slim,The Rockafeller Skank,1998,1990s,Electronic,international,,no,,,,,
Fatboy Slim,Praise You,1998,1990s,Electronic,international,,no,,,,,
Moby,Porcelain,1999,1990s,Electronic,international,,no,,,,,
Moby,Why Does My Heart Feel So Bad?,1999,1990s,Electronic,international,,no,,,,,
Robin S,Show Me Love,1993,1990s,Dance,international,,no,,,,,
C+C Music Factory,Gonna Make You Sweat (Everybody Dance Now),1990,1990s,Dance,international,,no,,,,,
Technotronic,Get Up! (Before the Night Is Over),1990,1990s,Dance,international,,no,,,,,
CeCe Peniston,Finally,1991,1990s,Dance,international,,no,,,,,
Moloko,Sing It Back,1998,1990s,Dance,international,,no,,,,,
Stardust,Music Sounds Better with You,1998,1990s,Dance,international,,no,,,,,
Daft Punk,Around the World,1997,1990s,Electronic,international,,no,,,,,
Daft Punk,Da Funk,1995,1990s,Electronic,international,,no,,,,,
Modjo,Lady (Hear Me Tonight),2000,2000s,Dance,international,spotify:track:49X0LAl6faAusYq02PRAY6,no,118.0,Modjo,Lady - Hear Me Tonight,2001,ok
Destiny's Child,"No, No, No",1997,1990s,R&B,international,,no,,,,,
Destiny's Child,"Bills, Bills, Bills",1999,1990s,R&B,international,,no,,,,,
TLC,Waterfalls,1995,1990s,R&B,international,,no,,,,,
TLC,No Scrubs,1999,1990s,R&B,international,,no,,,,,
En Vogue,Don't Let Go (Love),1996,1990s,R&B,international,,no,,,,,
Brandy & Monica,The Boy Is Mine,1998,1990s,R&B,international,,no,,,,,
Montell Jordan,This Is How We Do It,1995,1990s,R&B,international,,no,,,,,
Blackstreet,No Diggity,1996,1990s,R&B,international,,no,,,,,
Fugees,Killing Me Softly with His Song,1996,1990s,Hip-hop / R&B,international,,no,,,,,
Fugees,Ready or Not,1996,1990s,Hip-hop,international,,no,,,,,
Lauryn Hill,Doo Wop (That Thing),1998,1990s,Hip-hop / R&B,international,,no,,,,,
Coolio,Gangsta's Paradise,1995,1990s,Hip-hop,international,,no,,,,,
MC Hammer,U Can't Touch This,1990,1990s,Hip-hop,international,,no,,,,,
Vanilla Ice,Ice Ice Baby,1990,1990s,Hip-hop,international,,no,,,,,
House of Pain,Jump Around,1992,1990s,Hip-hop,international,,no,,,,,
Sir Mix-a-Lot,Baby Got Back,1992,1990s,Hip-hop,international,,no,,,,,
Salt-N-Pepa,Shoop,1993,1990s,Hip-hop,international,,no,,,,,
Salt-N-Pepa,Whatta Man,1993,1990s,Hip-hop,international,,no,,,,,
The Notorious B.I.G.,Juicy,1994,1990s,Hip-hop,international,,no,,,,,
2Pac,California Love,1995,1990s,Hip-hop,international,,no,,,,,
2Pac,Changes,1998,1990s,Hip-hop,international,,no,,,,,
Dr. Dre,Nuthin' but a 'G' Thang,1992,1990s,Hip-hop,international,,no,,,,,
Snoop Dogg,Gin and Juice,1993,1990s,Hip-hop,international,,no,,,,,
Warren G,Regulate,1994,1990s,Hip-hop,international,,no,,,,,
Beastie Boys,Intergalactic,1998,1990s,Hip-hop,international,,no,,,,,
Will Smith,Gettin' Jiggy wit It,1997,1990s,Hip-hop,international,,no,,,,,
Will Smith,Miami,1998,1990s,Hip-hop,international,,no,,,,,
Eminem,My Name Is,1999,1990s,Hip-hop,international,,no,,,,,
Jamiroquai,Virtual Insanity,1996,1990s,Funk / Pop,international,,no,,,,,
Jamiroquai,Cosmic Girl,1996,1990s,Funk / Pop,international,,no,,,,,
Jamiroquai,Canned Heat,1999,1990s,Funk / Pop,international,,no,,,,,
Simply Red,Stars,1991,1990s,Soul / Pop,international,,no,,,,,
Simply Red,Fairground,1995,1990s,Soul / Pop,international,,no,,,,,
George Ezra,Budapest,2014,2010s,Pop,international,spotify:track:2ixsaeFioXJmMgkkbd4uj1,no,120.0,George Ezra,Budapest,2014,ok
Eminem,The Real Slim Shady,2000,2000s,Hip-hop,international,spotify:track:3yfqSUWxFvZELEM4PmlwIR,no,120.0,Eminem,The Real Slim Shady,2000,ok
Eminem,Stan,2000,2000s,Hip-hop,international,spotify:track:3UmaczJpikHgJFyBTAJVoz,no,110.6,"Eminem, Dido",Stan,2000,ok
Eminem,Without Me,2002,2000s,Hip-hop,international,spotify:track:7lQ8MOhq6IN2w8EYcFNSUk,no,120.0,Eminem,Without Me,2002,ok
Eminem,Lose Yourself,2002,2000s,Hip-hop,international,spotify:track:6GkTKjv1XbFVdI2D8vvDPu,no,120.0,Eminem,Lose Yourself,2002,ok
Eminem,Mockingbird,2004,2000s,Hip-hop,international,spotify:track:561jH07mF1jHuk7KlaeF0s,no,120.0,Eminem,Mockingbird,2004,ok
50 Cent,In da Club,2003,2000s,Hip-hop,international,spotify:track:7iL6o9tox1zgHpKUfh9vuC,no,120.0,50 Cent,In Da Club,2003,ok
50 Cent,Candy Shop,2005,2000s,Hip-hop,international,spotify:track:5D2mYZuzcgjpchVY1pmTPh,no,109.3,"50 Cent, Olivia",Candy Shop,2005,ok
Nelly,Hot in Herre,2002,2000s,Hip-hop,international,spotify:track:04KTF78FFg8sOHC1BADqbY,no,120.0,Nelly,Hot In Herre,2002,ok
Nelly,Dilemma,2002,2000s,Hip-hop / R&B,international,spotify:track:0ARK753YaiJbpLUk7z5yIM,no,101.3,"Nelly, Kelly Rowland",Dilemma,2002,ok
Outkast,Ms. Jackson,2000,2000s,Hip-hop,international,spotify:track:0I3q5fE6wg7LIfHGngUTnV,no,120.0,Outkast,Ms. Jackson,2000,ok
Outkast,Hey Ya!,2003,2000s,Hip-hop / Pop,international,spotify:track:2PpruBYCo4H7WOBJ7Q2EwM,no,120.0,Outkast,Hey Ya!,2003,ok
Outkast,Roses,2003,2000s,Hip-hop,international,spotify:track:6bUNEbXT7HovLW6BgPCBsb,no,120.0,Outkast,Roses,2003,ok
Kanye West,Gold Digger,2005,2000s,Hip-hop,international,spotify:track:727DhcvHxqDeAEXLFYhWuc,no,111.5,Kanye Wests,Gold Digger,2025,ok
Kanye West,Stronger,2007,2000s,Hip-hop,international,spotify:track:0j2T0R9dR9qdJYsB7ciXhf,no,120.0,Kanye West,Stronger,2007,ok
Jay-Z,99 Problems,2003,2000s,Hip-hop,international,spotify:track:7IdFdRlCjUi6kkhbPoRfnw,no,120.0,JAŸ-Z,99 Problems,2003,ok
Jay-Z feat. Alicia Keys,Empire State of Mind,2009,2000s,Hip-hop,international,spotify:track:2igwFfvr1OAGX9SKDCPBwO,no,102.5,"JAŸ-Z, Alicia Keys",Empire State Of Mind,2009,ok
The Black Eyed Peas,Where Is the Love?,2003,2000s,Pop / Hip-hop,international,spotify:track:0xmjwnQ3FNE6HuWCt2nHdZ,no,110.2,Black Eyed Peas,Where Is The Love?,2003,ok
The Black Eyed Peas,Let's Get It Started,2003,2000s,Pop / Hip-hop,international,spotify:track:28jHD8xBLnN8esbroQ6zz8,no,106.2,Black Eyed Peas,Let's Get It Started,2007,ok
The Black Eyed Peas,My Humps,2005,2000s,Pop / Hip-hop,international,spotify:track:20jYtEun4dUdYZ9foaOC48,no,110.2,Black Eyed Peas,My Humps,2005,ok
The Black Eyed Peas,Boom Boom Pow,2009,2000s,Pop / Hip-hop,international,spotify:track:3oDFtOhcN08qeDPAK6MEQG,no,110.2,Black Eyed Peas,Boom Boom Pow,2009,ok
The Black Eyed Peas,I Gotta Feeling,2009,2000s,Pop,international,spotify:track:4kLLWz7srcuLKA7Et40PQR,no,110.2,Black Eyed Peas,I Gotta Feeling,2009,ok
Beyoncé,Crazy in Love,2003,2000s,R&B / Pop,international,spotify:track:5IVuqXILoxVWvWEPm82Jxr,no,110.4,"Beyoncé, JAŸ-Z",Crazy In Love (feat. JAY-Z),2003,ok
Beyoncé,Baby Boy,2003,2000s,R&B / Pop,international,spotify:track:4WY3HyGXsWqjFRCVD6gnTe,no,106.7,"Beyoncé, Sean Paul",Baby Boy (feat. Sean Paul),2003,ok
Beyoncé,Irreplaceable,2006,2000s,R&B / Pop,international,spotify:track:3qim3nNFg4aSTLZDLAFXhx,no,120.0,Beyoncé,Irreplaceable,2006,ok
Beyoncé,Single Ladies (Put a Ring on It),2008,2000s,R&B / Pop,international,spotify:track:5R9a4t5t5O0IsznsrKPVro,no,120.0,Beyoncé,Single Ladies (Put a Ring on It),2008,ok
Beyoncé,Halo,2008,2000s,R&B / Pop,international,spotify:track:4JehYebiI9JE8sR8MisGVb,no,120.0,Beyoncé,Halo,2008,ok
Rihanna,Pon de Replay,2005,2000s,Pop / R&B,international,spotify:track:4TsmezEQVSZNNPv5RJ65Ov,no,120.0,Rihanna,Pon de Replay,2005,ok
Rihanna,SOS,2006,2000s,Pop,international,spotify:track:30cSNer6TV8x2utjULVeQ5,no,120.0,Rihanna,SOS,2006,ok
Rihanna,Umbrella,2007,2000s,Pop / R&B,international,spotify:track:49FYlytm3dAAraYgpoJZux,no,108.4,"Rihanna, JAŸ-Z",Umbrella,2008,ok
Rihanna,Don't Stop the Music,2007,2000s,Pop,international,spotify:track:0paaQpOzPElcIzjjPkbCkS,no,120.0,Rihanna,Don't Stop The Music,2007,ok
Rihanna,Disturbia,2008,2000s,Pop,international,spotify:track:2VOomzT6VavJOGBeySqaMc,no,120.0,Rihanna,Disturbia,2008,ok
Rihanna,Rude Boy,2009,2000s,Pop,international,spotify:track:60jzFy6Nn4M0iD1d94oteF,no,120.0,Rihanna,Rude Boy,2009,ok
Alicia Keys,Fallin',2001,2000s,R&B,international,spotify:track:0KQx6HOpJueiSkztcS0r7D,no,120.0,Alicia Keys,Fallin',2001,ok
Alicia Keys,If I Ain't Got You,2003,2000s,R&B,international,spotify:track:3XVBdLihbNbxUwZosxcGuJ,no,120.0,Alicia Keys,If I Ain't Got You,2003,ok
Alicia Keys,No One,2007,2000s,R&B,international,spotify:track:6IwKcFdiRQZOWeYNhUiWIv,no,120.0,Alicia Keys,No One,2007,ok
Usher,Yeah!,2004,2000s,R&B,international,spotify:track:5rb9QrpfcKFHM1EUbSIurX,no,99.9,"USHER, Lil Jon, Ludacris",Yeah! (feat. Lil Jon & Ludacris),2004,ok
Usher,Burn,2004,2000s,R&B,international,spotify:track:7z3N2W7Xz1t2G2sAO8wFVH,no,120.0,USHER,Burn,2004,ok
Ne-Yo,So Sick,2005,2000s,R&B,international,spotify:track:6brl7bwOHmGFkNw3MBqssT,no,118.0,Ne-Yo,So Sick,2006,ok
Ne-Yo,Closer,2008,2000s,R&B / Pop,international,spotify:track:0GX5oOKtU0nnx5OkhenW2i,no,120.0,Ne-Yo,Closer,2008,ok
Mary J. Blige,Family Affair,2001,2000s,R&B,international,spotify:track:3aw9iWUQ3VrPQltgwvN9Xu,no,120.0,Mary J. Blige,Family Affair,2001,ok
Destiny's Child,Survivor,2001,2000s,R&B / Pop,international,spotify:track:2Mpj1Ul5OFPyyP4wB62Rvi,no,120.0,Destiny's Child,Survivor,2001,ok
Destiny's Child,Bootylicious,2001,2000s,R&B / Pop,international,spotify:track:41nT1Sp6ChR65FbsdLlFHW,no,120.0,Destiny's Child,Bootylicious,2001,ok
Destiny's Child,Lose My Breath,2004,2000s,R&B / Pop,international,spotify:track:2n4uOdMHzEvcZ0KP7iQnay,no,120.0,Destiny's Child,Lose My Breath,2004,ok
Shakira,"Whenever, Wherever",2001,2000s,Pop,international,spotify:track:2lnzGkdtDj5mtlcOW2yRtG,no,120.0,Shakira,"Whenever, Wherever",2001,ok
Shakira,Underneath Your Clothes,2001,2000s,Pop,international,spotify:track:15f8Cv8RXUlOOCIf2oaceN,no,120.0,Shakira,Underneath Your Clothes,2001,ok
Shakira,Hips Don't Lie,2005,2000s,Pop,international,spotify:track:3d0WouFnFmr0K3kjeza3fF,no,105.2,"Shakira, Wyclef Jean",Hips Don't Lie (feat. Wyclef Jean),2005,ok
Shakira,She Wolf,2009,2000s,Pop,international,spotify:track:4l9fZ75WzPZlAIkqJIWlo8,no,120.0,Shakira,She Wolf,2009,ok
Jennifer Lopez,Love Don't Cost a Thing,2000,2000s,Pop,international,spotify:track:1fgvJXlcZ7uIddMpqsqw0L,no,118.0,Jennifer Lopez,Love Don't Cost a Thing,2001,ok
Jennifer Lopez,Jenny from the Block,2002,2000s,Pop,international,spotify:track:7LqjznQwfrax7MjQXmxqdQ,no,107.5,"Jennifer Lopez, Jadakiss, Styles P",Jenny from the Block (feat. Jadakiss & Styles P.) - Track Masters Remix,2002,ok
Jennifer Lopez,Get Right,2005,2000s,Pop,international,spotify:track:3jVSV60WZE5jPE2a6KGNFy,no,120.0,Jennifer Lopez,Get Right,2005,ok
Kylie Minogue,Spinning Around,2000,2000s,Pop,international,spotify:track:3eXI3pYpiY1nRwhvW0c8Qi,no,120.0,Kylie Minogue,Spinning Around,2000,ok
Kylie Minogue,Can't Get You Out of My Head,2001,2000s,Pop,international,spotify:track:2HpWHLtZldOcDn5qzX8kb2,no,120.0,Kylie Minogue,Can't Get You out of My Head,2001,ok
Kylie Minogue,Love at First Sight,2002,2000s,Pop,international,spotify:track:0NMUFQdEFjftg0BQnyZCsh,no,120.0,Kylie Minogue,Love at First Sight,2002,ok
Britney Spears,Oops!... I Did It Again,2000,2000s,Pop,international,spotify:track:6naxalmIoLFWR0siv8dnQQ,no,120.0,Britney Spears,Oops!...I Did It Again,2000,ok
Britney Spears,Stronger,2000,2000s,Pop,international,spotify:track:5QhBKPqsnX1uY9fZNaAtZg,no,120.0,Britney Spears,Stronger,2000,ok
Britney Spears,I'm a Slave 4 U,2001,2000s,Pop,international,spotify:track:6ldwfK0yWgTAlmIfuQkTYN,no,120.0,Britney Spears,I'm a Slave 4 U,2001,ok
Britney Spears,Toxic,2003,2000s,Pop,international,spotify:track:6I9VzXrHxO9rA9A5euc8Ak,no,120.0,Britney Spears,Toxic,2003,ok
Britney Spears,Everytime,2003,2000s,Pop,international,spotify:track:0dRhSF9LV0HR8Jwd3MMMKJ,no,120.0,Britney Spears,Everytime,2003,ok
Britney Spears,Gimme More,2007,2000s,Pop,international,spotify:track:6ic8OlLUNEATToEFU3xmaH,no,120.0,Britney Spears,Gimme More,2007,ok
Christina Aguilera,Beautiful,2002,2000s,Pop,international,spotify:track:3TCauNPqFiniaYHBvEVoHG,no,120.0,Christina Aguilera,Beautiful,2002,ok
Christina Aguilera,Dirrty,2002,2000s,Pop,international,spotify:track:59ZTxQo8rBycIXPLUIKvE2,no,114.8,"Christina Aguilera, Redman",Dirrty (feat. Redman),2002,ok
Christina Aguilera,Fighter,2002,2000s,Pop,international,spotify:track:7nXq1vaZiz7PdbfojpPjW5,no,120.0,Christina Aguilera,Fighter,2002,ok
Pink,Get the Party Started,2001,2000s,Pop,international,spotify:track:02jcEwywffn3Tsb48fXmlW,no,106.0,P!nk,Get the Party Started,2001,ok
Pink,Just Like a Pill,2001,2000s,Pop / Rock,international,spotify:track:1BpV8IGf4XsRRJf4Xuui9q,no,106.0,P!nk,Just Like a Pill,2001,ok
Pink,Who Knew,2006,2000s,Pop / Rock,international,spotify:track:2hns6Dv29Yrg68AVTJiAyA,no,79.8,P!nk,Who Knew - Edit,2006,ok
Pink,So What,2008,2000s,Pop / Rock,international,spotify:track:0JiY190vktuhSGN6aqJdrt,no,106.0,P!nk,So What,2008,ok
Kelly Clarkson,Since U Been Gone,2004,2000s,Pop / Rock,international,spotify:track:6JY1IdkZGeIcPegKxjSKeb,no,120.0,Kelly Clarkson,Since U Been Gone,2004,ok
Kelly Clarkson,Because of You,2004,2000s,Pop,international,spotify:track:0gJvqi9QyASOCtJu99tytc,no,120.0,Kelly Clarkson,Because of You,2004,ok
Avril Lavigne,Complicated,2002,2000s,Pop / Rock,international,spotify:track:5xEM5hIgJ1jjgcEBfpkt2F,no,120.0,Avril Lavigne,Complicated,2002,ok
Avril Lavigne,Sk8er Boi,2002,2000s,Pop / Rock,international,spotify:track:00Mb3DuaIH1kjrwOku9CGU,no,120.0,Avril Lavigne,Sk8er Boi,2002,ok
Avril Lavigne,I'm with You,2002,2000s,Pop,international,spotify:track:1jlG3KJ3gdYmhfuySFfpO1,no,120.0,Avril Lavigne,I'm with You,2002,ok
Avril Lavigne,Girlfriend,2007,2000s,Pop / Rock,international,spotify:track:45hOioMDJktr86iKDHC8gr,no,120.0,Avril Lavigne,Girlfriend,2007,ok
Nelly Furtado,I'm Like a Bird,2000,2000s,Pop,international,spotify:track:4sUoWHVnJl8z3t4zdqf6xB,no,120.0,Nelly Furtado,I'm Like A Bird,2000,ok
Nelly Furtado,Maneater,2006,2000s,Pop,international,spotify:track:4wH4dJgrsxONID6KS2tDQM,no,120.0,Nelly Furtado,Maneater,2006,ok
Nelly Furtado,Promiscuous,2006,2000s,Pop,international,spotify:track:2gam98EZKrF9XuOkU13ApN,no,111.1,"Nelly Furtado, Timbaland",Promiscuous,2006,ok
Justin Timberlake,Cry Me a River,2002,2000s,Pop / R&B,international,spotify:track:7Lf7oSEVdzZqTA0kEDSlS5,no,120.0,Justin Timberlake,Cry Me a River,2002,ok
Justin Timberlake,Rock Your Body,2002,2000s,Pop / R&B,international,spotify:track:1AWQoqb9bSvzTjaLralEkT,no,120.0,Justin Timberlake,Rock Your Body,2002,ok
Justin Timberlake,SexyBack,2006,2000s,Pop,international,spotify:track:0O45fw2L5vsWpdsOdXwNAR,no,112.7,"Justin Timberlake, Timbaland",SexyBack (feat. Timbaland),2006,ok
Justin Timberlake,What Goes Around... Comes Around,2006,2000s,Pop,international,spotify:track:3pD0f7hSJg2XdQ6udw5Tey,no,100.0,Justin Timberlake,What Goes Around.../...Comes Around (Interlude),2006,ok
Gwen Stefani,What You Waiting For?,2004,2000s,Pop,international,spotify:track:0ny5zITdmyNwyTPVzRGscU,no,120.0,Gwen Stefani,What You Waiting For?,2004,ok
Gwen Stefani,Hollaback Girl,2004,2000s,Pop,international,spotify:track:0eqH0ALoDQevq59YcQ53KE,no,120.0,Gwen Stefani,Hollaback Girl,2004,ok
Gwen Stefani,The Sweet Escape,2006,2000s,Pop,international,spotify:track:07K4GcCDSTiXUF5ssyTRUM,no,114.5,"Gwen Stefani, Akon",The Sweet Escape,2006,ok
Lady Gaga,Just Dance,2008,2000s,Pop,international,spotify:track:1dzQoRqT5ucxXVaAhTcT0J,no,106.0,"Lady Gaga, Colby O'Donis",Just Dance,2008,ok
Lady Gaga,Poker Face,2008,2000s,Pop,international,spotify:track:1QV6tiMFM6fSOKOGLMHYYg,no,120.0,Lady Gaga,Poker Face,2008,ok
Lady Gaga,Paparazzi,2008,2000s,Pop,international,spotify:track:02XnQdf7sipaKBBHixz3Zp,no,120.0,Lady Gaga,Paparazzi,2008,ok
Lady Gaga,Bad Romance,2009,2000s,Pop,international,spotify:track:0SiywuOBRcynK0uKGWdCnn,no,120.0,Lady Gaga,Bad Romance,2009,ok
Katy Perry,I Kissed a Girl,2008,2000s,Pop,international,spotify:track:14iN3o8ptQ8cFVZTEmyQRV,no,120.0,Katy Perry,I Kissed A Girl,2008,ok
Katy Perry,Hot n Cold,2008,2000s,Pop,international,spotify:track:22Lg6vvMS2JC07aAjsGvtU,no,120.0,Katy Perry,Hot N Cold,2008,ok
Katy Perry,Waking Up in Vegas,2008,2000s,Pop,international,spotify:track:0CINJz55gaKzuAsqhZ0hEU,no,120.0,Katy Perry,Waking Up In Vegas,2008,ok
Miley Cyrus,See You Again,2007,2000s,Pop,international,spotify:track:3AjyOYxBv8bByfBtG5o9dP,no,120.0,Miley Cyrus,See You Again,2007,ok
Miley Cyrus,Party in the U.S.A.,2009,2000s,Pop,international,spotify:track:3E7dfMvvCLUddWissuqMwr,no,120.0,Miley Cyrus,Party In The U.S.A.,2009,ok
Taylor Swift,Love Story,2008,2000s,Pop / Country,international,spotify:track:1D4PL9B8gOg78jiHg3FvBb,no,120.0,Taylor Swift,Love Story,2008,ok
Taylor Swift,You Belong with Me,2008,2000s,Pop / Country,international,spotify:track:1GEBsLDvJGw7kviySRI6GX,no,120.0,Taylor Swift,You Belong With Me,2008,ok
Amy Winehouse,Rehab,2006,2000s,Soul / Pop,international,spotify:track:1L5tZi0izXsi5Kk5OJf4W0,no,120.0,Amy Winehouse,Rehab,2006,ok
Amy Winehouse,Back to Black,2006,2000s,Soul / Pop,international,spotify:track:30FURVTCpbKyykjSEQzGkH,no,120.0,Amy Winehouse,Back To Black,2006,ok
Duffy,Mercy,2008,2000s,Soul / Pop,international,spotify:track:1zusIxNqJu8i4g6P6hJ2Qa,no,120.0,Duffy,Mercy,2008,ok
Norah Jones,Don't Know Why,2002,2000s,Jazz / Pop,international,spotify:track:1zNXF2svmdlNxfS5XeNUgr,no,120.0,Norah Jones,Don't Know Why,2002,ok
Leona Lewis,Bleeding Love,2007,2000s,Pop,international,spotify:track:7wZUrN8oemZfsEd1CGkbXE,no,120.0,Leona Lewis,Bleeding Love,2007,ok
Natasha Bedingfield,Unwritten,2004,2000s,Pop,international,spotify:track:3U5JVgI2x4rDyHGObzJfNf,no,120.0,Natasha Bedingfield,Unwritten,2004,ok
Corinne Bailey Rae,Put Your Records On,2006,2000s,Soul / Pop,international,spotify:track:5f5YqZZe34nsabun39eqo8,no,120.0,Corinne Bailey Rae,Put Your Records On,2006,ok
Daniel Powter,Bad Day,2005,2000s,Pop,international,spotify:track:0mUyMawtxj1CJ76kn9gIZK,no,120.0,Daniel Powter,Bad Day,2005,ok
James Blunt,You're Beautiful,2004,2000s,Pop,international,spotify:track:0vg4WnUWvze6pBOJDTq99k,no,118.0,James Blunt,You're Beautiful,2005,ok
James Blunt,1973,2007,2000s,Pop,international,spotify:track:1BV0m40U0M4t1SLIsDnwZl,no,120.0,James Blunt,1973,2007,ok
Jason Mraz,I'm Yours,2008,2000s,Pop,international,spotify:track:1EzrEOXmMH3G43AXT1y7pA,no,120.0,Jason Mraz,I'm Yours,2008,ok
Colbie Caillat,Bubbly,2007,2000s,Pop,international,spotify:track:1lkvpmrCaXK8QtliFDcHBO,no,120.0,Colbie Caillat,Bubbly,2007,ok
The Fray,How to Save a Life,2005,2000s,Pop / Rock,international,spotify:track:5fVZC9GiM4e8vu99W0Xf6J,no,120.0,The Fray,How to Save a Life,2005,ok
The Fray,Over My Head (Cable Car),2005,2000s,Pop / Rock,international,spotify:track:1N62wozuHCvczCkY4QidpP,no,120.0,The Fray,Over My Head (Cable Car),2005,ok
Coldplay,Yellow,2000,2000s,Alternative,international,spotify:track:3AJwUDP919kvQ9QcozQPxg,no,120.0,Coldplay,Yellow,2000,ok
Coldplay,Clocks,2002,2000s,Alternative,international,spotify:track:0BCPKOYdS2jbQ8iyB56Zns,no,120.0,Coldplay,Clocks,2002,ok
Coldplay,The Scientist,2002,2000s,Alternative,international,spotify:track:75JFxkI2RXiU7L9VXzMkle,no,120.0,Coldplay,The Scientist,2002,ok
Coldplay,Fix You,2005,2000s,Alternative,international,spotify:track:036M4gIgbeH7LHIltqRlfY,no,113.0,Coldplay,Fix You,2024,ok
Coldplay,Viva la Vida,2008,2000s,Alternative / Pop,international,spotify:track:1mea3bSkSGXuIRvnydlB5b,no,120.0,Coldplay,Viva La Vida,2008,ok
U2,Beautiful Day,2000,2000s,Rock,international,spotify:track:0gzqZ9d1jIKo9psEIthwXe,no,120.0,U2,Beautiful Day,2000,ok
U2,Vertigo,2004,2000s,Rock,international,spotify:track:1gVVSmhWjci8l9Vrsl6HaS,no,120.0,U2,Vertigo,2004,ok
Green Day,American Idiot,2004,2000s,Alternative / Rock,international,spotify:track:6nTiIhLmQ3FWhvrGafw2zj,no,120.0,Green Day,American Idiot,2004,ok
Green Day,Boulevard of Broken Dreams,2004,2000s,Alternative / Rock,international,spotify:track:1hwJKpe0BPUsq6UUrwBWTw,no,120.0,Green Day,Boulevard of Broken Dreams,2004,ok
Green Day,Wake Me Up When September Ends,2004,2000s,Alternative / Rock,international,spotify:track:3479kk78dx3GFt048Udq54,no,120.0,Green Day,Wake Me up When September Ends,2004,ok
Linkin Park,One Step Closer,2000,2000s,Alternative / Rock,international,spotify:track:3K4HG9evC7dg3N0R9cYqk4,no,120.0,Linkin Park,One Step Closer,2000,ok
Linkin Park,In the End,2000,2000s,Alternative / Rock,international,spotify:track:60a0Rd6pjrkxjPbaKzXjfq,no,120.0,Linkin Park,In the End,2000,ok
Linkin Park,Numb,2003,2000s,Alternative / Rock,international,spotify:track:2nLtzopw4rPReszdYBJU6h,no,120.0,Linkin Park,Numb,2003,ok
Linkin Park,Breaking the Habit,2003,2000s,Alternative / Rock,international,spotify:track:3dxiWIBVJRlqh9xk144rf4,no,120.0,Linkin Park,Breaking the Habit,2003,ok
Linkin Park,What I've Done,2007,2000s,Alternative / Rock,international,spotify:track:18lR4BzEs7e3qzc0KVkTpU,no,120.0,Linkin Park,What I've Done,2007,ok
The White Stripes,Seven Nation Army,2003,2000s,Alternative / Rock,international,spotify:track:3dPQuX8Gs42Y7b454ybpMR,no,120.0,The White Stripes,Seven Nation Army,2003,ok
The White Stripes,Icky Thump,2007,2000s,Alternative / Rock,international,spotify:track:2LMq1O0NiqGhPOlXo3McYQ,no,120.0,The White Stripes,Icky Thump,2007,ok
The Killers,Mr. Brightside,2003,2000s,Alternative,international,spotify:track:003vvx7Niy0yvhvHt4a68B,no,118.0,The Killers,Mr. Brightside,2004,ok
The Killers,Somebody Told Me,2004,2000s,Alternative,international,spotify:track:6PwjJ58I4t7Mae9xfZ9l9v,no,120.0,The Killers,Somebody Told Me,2004,ok
The Killers,When You Were Young,2006,2000s,Alternative,international,spotify:track:70wYA8oYHoMzhRRkARoMhU,no,120.0,The Killers,When You Were Young,2006,ok
The Killers,Human,2008,2000s,Alternative,international,spotify:track:1sTsuZTdANkiFd7T34H3nb,no,120.0,The Killers,Human,2008,ok
Arctic Monkeys,I Bet You Look Good on the Dancefloor,2005,2000s,Alternative,international,spotify:track:6uV5q0yxaOujbxkwUCUEEf,no,120.0,Arctic Monkeys,I Bet You Look Good On The Dancefloor,2005,ok
Arctic Monkeys,When the Sun Goes Down,2006,2000s,Alternative,international,spotify:track:2zzLRQ78kKfPTx8FJQCdC2,no,120.0,Arctic Monkeys,When The Sun Goes Down,2006,ok
Franz Ferdinand,Take Me Out,2004,2000s,Alternative,international,spotify:track:20I8RduZC2PWMWTDCZuuAN,no,120.0,Franz Ferdinand,Take Me Out,2004,ok
Kings of Leon,Sex on Fire,2008,2000s,Alternative / Rock,international,spotify:track:0ntQJM78wzOLVeCUAW7Y45,no,120.0,Kings of Leon,Sex on Fire,2008,ok
Kings of Leon,Use Somebody,2008,2000s,Alternative / Rock,international,spotify:track:5VGlqQANWDKJFl0MBG3sg2,no,120.0,Kings of Leon,Use Somebody,2008,ok
Muse,Time Is Running Out,2003,2000s,Alternative / Rock,international,spotify:track:0EdMqiKs9LKXhspeQhl4RZ,no,120.0,Muse,Time is Running Out,2003,ok
Muse,Hysteria,2003,2000s,Alternative / Rock,international,spotify:track:0knbMPVHpFbsx38pLoYSRs,no,120.0,Muse,Hysteria,2003,ok
Muse,Supermassive Black Hole,2006,2000s,Alternative / Rock,international,,no,,,,,
Foo Fighters,Best of You,2005,2000s,Alternative / Rock,international,,no,,,,,
Foo Fighters,The Pretender,2007,2000s,Alternative / Rock,international,,no,,,,,
Nickelback,How You Remind Me,2001,2000s,Rock,international,,no,,,,,
Nickelback,Photograph,2005,2000s,Rock,international,,no,,,,,
System of a Down,Chop Suey!,2001,2000s,Rock,international,,no,,,,,
System of a Down,Toxicity,2001,2000s,Rock,international,,no,,,,,
Evanescence,Bring Me to Life,2003,2000s,Rock,international,,no,,,,,
Evanescence,My Immortal,2003,2000s,Rock,international,,no,,,,,
The Darkness,I Believe in a Thing Called Love,2003,2000s,Rock,international,,no,,,,,
Snow Patrol,Chasing Cars,2006,2000s,Alternative,international,,no,,,,,
Keane,Somewhere Only We Know,2004,2000s,Alternative,international,,no,,,,,
Keane,Everybody's Changing,2004,2000s,Alternative,international,,no,,,,,
The Script,The Man Who Can't Be Moved,2008,2000s,Pop / Rock,international,,no,,,,,
OneRepublic,Apologize,2007,2000s,Pop / Rock,international,,no,,,,,
OneRepublic,Stop and Stare,2007,2000s,Pop / Rock,international,,no,,,,,
Maroon 5,This Love,2002,2000s,Pop / Rock,international,,no,,,,,
Maroon 5,She Will Be Loved,2002,2000s,Pop / Rock,international,,no,,,,,
Maroon 5,Makes Me Wonder,2007,2000s,Pop / Rock,international,,no,,,,,
Train,Drops of Jupiter,2001,2000s,Pop / Rock,international,,no,,,,,
The Calling,Wherever You Will Go,2001,2000s,Pop / Rock,international,,no,,,,,
Hoobastank,The Reason,2003,2000s,Pop / Rock,international,,no,,,,,
3 Doors Down,Here Without You,2002,2000s,Rock,international,,no,,,,,
The Strokes,Last Nite,2001,2000s,Alternative,international,,no,,,,,
The Strokes,Reptilia,2003,2000s,Alternative,international,,no,,,,,
The Hives,Hate to Say I Told You So,2000,2000s,Alternative,international,,no,,,,,
Gorillaz,Clint Eastwood,2001,2000s,Alternative / Hip-hop,international,,no,,,,,
Gorillaz,Feel Good Inc.,2005,2000s,Alternative / Hip-hop,international,,no,,,,,
Gnarls Barkley,Crazy,2006,2000s,Soul / Pop,international,,no,,,,,
MGMT,Kids,2007,2000s,Alternative,international,,no,,,,,
MGMT,Electric Feel,2007,2000s,Alternative,international,,no,,,,,
Empire of the Sun,Walking on a Dream,2008,2000s,Electronic / Pop,international,,no,,,,,
Daft Punk,One More Time,2000,2000s,Electronic,international,,no,,,,,
Daft Punk,"Harder, Better, Faster, Stronger",2001,2000s,Electronic,international,,no,,,,,
Daft Punk,Technologic,2005,2000s,Electronic,international,,no,,,,,
Eric Prydz,Call on Me,2004,2000s,Dance,international,,no,,,,,
Benny Benassi,Satisfaction,2002,2000s,Dance,international,,no,,,,,
Fedde Le Grand,Put Your Hands Up for Detroit,2006,2000s,Dance,international,,no,,,,,
David Guetta,Love Don't Let Me Go,2002,2000s,Dance,international,,no,,,,,
David Guetta,Love Is Gone,2007,2000s,Dance,international,,no,,,,,
David Guetta,When Love Takes Over,2009,2000s,Dance,international,,no,,,,,
Calvin Harris,Acceptable in the 80s,2007,2000s,Dance,international,,no,,,,,
Calvin Harris,I'm Not Alone,2009,2000s,Dance,international,,no,,,,,
Cascada,Everytime We Touch,2005,2000s,Dance,international,,no,,,,,
Basshunter,Now You're Gone,2006,2000s,Dance,international,,no,,,,,
September,Cry for You,2005,2000s,Dance,international,,no,,,,,
Guru Josh Project,Infinity 2008,2008,2000s,Dance,international,,no,,,,,
Edward Maya & Vika Jigulina,Stereo Love,2009,2000s,Dance,international,,no,,,,,
INNA,Hot,2008,2000s,Dance,international,,no,,,,,
Yolanda Be Cool & DCUP,We No Speak Americano,2009,2000s,Dance,international,,no,,,,,
Pitbull,I Know You Want Me (Calle Ocho),2009,2000s,Hip-hop / Pop,international,,no,,,,,
Sean Paul,Get Busy,2002,2000s,Dancehall / Pop,international,,no,,,,,
Sean Paul,Temperature,2005,2000s,Dancehall / Pop,international,,no,,,,,
Enrique Iglesias,Hero,2001,2000s,Pop,international,,no,,,,,
Enrique Iglesias,Escape,2001,2000s,Pop,international,,no,,,,,
Enrique Iglesias,I Like It,2010,2010s,Pop,international,spotify:track:7HacCTm33hZYYN8DXpCYuG,no,113.6,"Enrique Iglesias, Pitbull",I Like It,2010,ok
Juanes,A Dios le Pido,2002,2000s,Latin Pop,international,,no,,,,,
Juanes,La Camisa Negra,2004,2000s,Latin Pop,international,,no,,,,,
Las Ketchup,The Ketchup Song (Aserejé),2002,2000s,Latin Pop,international,,no,,,,,
Shaggy,It Wasn't Me,2000,2000s,Reggae / Pop,international,,no,,,,,
Shaggy,Angel,2000,2000s,Reggae / Pop,international,,no,,,,,
Mika,Grace Kelly,2006,2000s,Pop,international,,no,,,,,
Mika,"Relax, Take It Easy",2006,2000s,Pop,international,,no,,,,,
Paolo Nutini,New Shoes,2006,2000s,Pop,international,,no,,,,,
Jason Derulo,Whatcha Say,2009,2000s,Pop / R&B,international,,no,,,,,
Iyaz,Replay,2009,2000s,Pop / R&B,international,,no,,,,,
Owl City,Fireflies,2009,2000s,Electronic / Pop,international,,no,,,,,
La Roux,Bulletproof,2009,2000s,Electronic / Pop,international,,no,,,,,
Adele,Rolling in the Deep,2010,2010s,Pop,international,spotify:track:4OSBTYWVwsQhGLF9NHvIbR,no,118.0,Adele,Rolling in the Deep,2011,ok
Adele,Someone Like You,2011,2010s,Pop,international,spotify:track:3bNv3VuUOKgrf5hu3YcuRo,no,120.0,Adele,Someone Like You,2011,ok
Adele,Set Fire to the Rain,2011,2010s,Pop,international,spotify:track:3di5hcvxxciiqwMH1jarhY,no,120.0,Adele,Set Fire to the Rain,2011,ok
Adele,Hello,2015,2010s,Pop,international,spotify:track:1Yk0cQdMLx5RzzFTYwmuld,no,120.0,Adele,Hello,2015,ok
Adele,Send My Love (To Your New Lover),2015,2010s,Pop,international,spotify:track:563SfWAHJs4FBZMkRN0IFN,no,120.0,Adele,Send My Love (To Your New Lover),2015,ok
Bruno Mars,Just the Way You Are,2010,2010s,Pop,international,spotify:track:47Slg6LuqLaX0VodpSCvPt,no,120.0,Bruno Mars,Just the Way You Are,2010,ok
Bruno Mars,Grenade,2010,2010s,Pop,international,spotify:track:4lLtanYk6tkMvooU0tWzG8,no,120.0,Bruno Mars,Grenade,2010,ok
Bruno Mars,The Lazy Song,2010,2010s,Pop,international,spotify:track:5jDbytR7OZhR1rIY3kypPQ,no,120.0,Bruno Mars,The Lazy Song,2010,ok
Bruno Mars,Locked Out of Heaven,2012,2010s,Pop,international,spotify:track:3w3y8KPTfNeOKPiqUTakBh,no,120.0,Bruno Mars,Locked out of Heaven,2012,ok
Bruno Mars,When I Was Your Man,2012,2010s,Pop,international,spotify:track:0nJW01T7XtvILxQgC5J7Wh,no,120.0,Bruno Mars,When I Was Your Man,2012,ok
Bruno Mars,Treasure,2012,2010s,Pop,international,spotify:track:55h7vJchibLdUkxdlX3fK7,no,120.0,Bruno Mars,Treasure,2012,ok
Mark Ronson feat. Bruno Mars,Uptown Funk,2014,2010s,Pop / Funk,international,spotify:track:32OlwWuMpZ6b0aN2RZOeMS,no,107.3,"Mark Ronson, Bruno Mars",Uptown Funk (feat. Bruno Mars),2015,ok
Lady Gaga,Born This Way,2011,2010s,Pop,international,spotify:track:30XU4suKzCeoCK9YFzdufg,no,120.0,Lady Gaga,Born This Way,2011,ok
Lady Gaga,The Edge of Glory,2011,2010s,Pop,international,spotify:track:57F80059mWaWFvWG3tBTbO,no,120.0,Lady Gaga,The Edge Of Glory,2011,ok
Lady Gaga,Applause,2013,2010s,Pop,international,spotify:track:5ka2ajep9OAvU5Sgduhiex,no,120.0,Lady Gaga,Applause,2013,ok
Lady Gaga,Shallow,2018,2010s,Pop,international,spotify:track:2VxeLyX666F8uXCJ0dZF8B,no,105.5,"Lady Gaga, Bradley Cooper",Shallow,2018,ok
Katy Perry,California Gurls,2010,2010s,Pop,international,spotify:track:3f7gYMirBEKuc57218BjOY,no,108.6,"Katy Perry, Snoop Dogg",California Gurls,2010,ok
Katy Perry,Teenage Dream,2010,2010s,Pop,international,spotify:track:235LXPXfi0SmOaS9TaCh3c,no,120.0,Katy Perry,Teenage Dream,2010,ok
Katy Perry,Firework,2010,2010s,Pop,international,spotify:track:3lXbHd0EoryoQh3vpevNEP,no,120.0,Katy Perry,Firework,2010,ok
Katy Perry,Last Friday Night (T.G.I.F.),2010,2010s,Pop,international,spotify:track:3oHNJECGN3bBoGXejlw2b1,no,120.0,Katy Perry,Last Friday Night (T.G.I.F.),2010,ok
Katy Perry,Roar,2013,2010s,Pop,international,spotify:track:27tNWlhdAryQY04Gb2ZhUI,no,120.0,Katy Perry,Roar,2013,ok
Katy Perry,Dark Horse,2013,2010s,Pop,international,spotify:track:5jrdCoLpJSvHHorevXBATy,no,110.9,"Katy Perry, Juicy J",Dark Horse,2013,ok
Rihanna,Only Girl (In the World),2010,2010s,Pop,international,spotify:track:0AH6WMe3OlAlUb5miXt2FQ,no,120.0,Rihanna,Only Girl (In The World),2010,ok
Rihanna,What's My Name?,2010,2010s,Pop,international,spotify:track:5FTCKvxzqy72ceS4Ujux4N,no,110.4,"Rihanna, Drake",What's My Name?,2010,ok
Rihanna,We Found Love,2011,2010s,Pop,international,spotify:track:6qn9YLKt13AGvpq9jfO8py,no,104.0,"Rihanna, Calvin Harris",We Found Love,2011,ok
Rihanna,Diamonds,2012,2010s,Pop,international,spotify:track:6O20JhBJPePEkBdrB5sqRx,no,120.0,Rihanna,Diamonds,2012,ok
Rihanna,Stay,2012,2010s,Pop,international,spotify:track:0GNI8K3VATWBABQFAzBAYe,no,105.9,"Rihanna, Mikky Ekko",Stay,2012,ok
Rihanna,Work,2016,2010s,Pop / R&B,international,spotify:track:72TFWvU3wUYdUuxejTTIzt,no,110.4,"Rihanna, Drake",Work,2016,ok
Beyoncé,Run the World (Girls),2011,2010s,Pop / R&B,international,spotify:track:1uXbwHHfgsXcUKfSZw5ZJ0,no,120.0,Beyoncé,Run the World (Girls),2011,ok
Beyoncé,Love on Top,2011,2010s,Pop / R&B,international,spotify:track:1z6WtY7X4HQJvzxC4UgkSf,no,120.0,Beyoncé,Love On Top,2011,ok
Beyoncé,Drunk in Love,2013,2010s,Pop / R&B,international,spotify:track:5EmCpD8tUj78VW3kgaEjME,no,110.4,"Beyoncé, JAŸ-Z",Drunk in Love (feat. JAY-Z),2013,ok
Taylor Swift,Mine,2010,2010s,Pop / Country,international,spotify:track:67Io3gxHwfbUreBf114c0u,no,120.0,Taylor Swift,Mine,2010,ok
Taylor Swift,We Are Never Ever Getting Back Together,2012,2010s,Pop,international,spotify:track:6kISMRfweKSvgHR0urMQFG,no,120.0,Taylor Swift,We Are Never Ever Getting Back Together,2012,ok
Taylor Swift,I Knew You Were Trouble,2012,2010s,Pop,international,spotify:track:3lKZf71jeNi14udIFPJ29V,no,120.0,Taylor Swift,I Knew You Were Trouble.,2012,ok
Taylor Swift,Shake It Off,2014,2010s,Pop,international,spotify:track:0cqRj7pUJDkTCEsJkx8snD,no,120.0,Taylor Swift,Shake It Off,2014,ok
Taylor Swift,Blank Space,2014,2010s,Pop,international,spotify:track:1u8c2t2Cy7UBoG4ArRcF5g,no,120.0,Taylor Swift,Blank Space,2014,ok
Taylor Swift,Style,2014,2010s,Pop,international,spotify:track:0ug5NqcwcFR2xrfTkc7k8e,no,120.0,Taylor Swift,Style,2014,ok
Taylor Swift,Wildest Dreams,2014,2010s,Pop,international,spotify:track:3fVnlF4pGqWI9flVENcT28,no,120.0,Taylor Swift,Wildest Dreams,2014,ok
Taylor Swift,Look What You Made Me Do,2017,2010s,Pop,international,spotify:track:1P17dC1amhFzptugyAO7Il,no,120.0,Taylor Swift,Look What You Made Me Do,2017,ok
Taylor Swift,Delicate,2017,2010s,Pop,international,spotify:track:6NFyWDv5CjfwuzoCkw47Xf,no,120.0,Taylor Swift,Delicate,2017,ok
Miley Cyrus,We Can't Stop,2013,2010s,Pop,international,spotify:track:2y4lAQpi5VTNLu2ldeTdUH,no,120.0,Miley Cyrus,We Can't Stop,2013,ok
Miley Cyrus,Wrecking Ball,2013,2010s,Pop,international,spotify:track:2vwlzO0Qp8kfEtzTsCXfyE,no,120.0,Miley Cyrus,Wrecking Ball,2013,ok
Miley Cyrus,Malibu,2017,2010s,Pop,international,spotify:track:1UZOjK1BwmwWU14Erba9CZ,no,120.0,Miley Cyrus,Malibu,2017,ok
Selena Gomez,Come & Get It,2013,2010s,Pop,international,spotify:track:6LoQHIo74tOzQ8EsLEkhgF,no,120.0,Selena Gomez,Come & Get It,2013,ok
Selena Gomez,Good for You,2015,2010s,Pop,international,spotify:track:5xdVqHtFS0eLuNp4Z8Wbpa,no,109.9,"Selena Gomez, A$AP Rocky",Good For You,2015,ok
Selena Gomez,Hands to Myself,2015,2010s,Pop,international,spotify:track:3CJvmtWw2bJsudbAC5uCQk,no,120.0,Selena Gomez,Hands To Myself,2015,ok
Selena Gomez,Lose You to Love Me,2019,2010s,Pop,international,spotify:track:3RKywhObU25JLEypRY6HWx,no,118.0,Selena Gomez,Lose You To Love Me,2020,ok
Demi Lovato,Skyscraper,2011,2010s,Pop,international,spotify:track:4B3RmT3cGvh8By3WY9pbIx,no,120.0,Demi Lovato,Skyscraper,2011,ok
Demi Lovato,Heart Attack,2013,2010s,Pop,international,spotify:track:1V6gIisPpYqgFeWbMLI0bA,no,120.0,Demi Lovato,Heart Attack,2013,ok
Demi Lovato,Sorry Not Sorry,2017,2010s,Pop,international,spotify:track:0yvPEnB032fojLfVluFjUv,no,120.0,Demi Lovato,Sorry Not Sorry,2017,ok
Ariana Grande,The Way,2013,2010s,Pop,international,spotify:track:0S4RKPbRDA72tvKwVdXQqe,no,110.5,"Ariana Grande, Mac Miller",The Way,2013,ok
Ariana Grande,Problem,2014,2010s,Pop,international,spotify:track:7vS3Y0IKjde7Xg85LWIEdP,no,109.9,"Ariana Grande, Iggy Azalea",Problem,2014,ok
Ariana Grande,Break Free,2014,2010s,Pop,international,spotify:track:12KUFSHFgT0XCoiSlvdQi4,no,114.8,"Ariana Grande, Zedd",Break Free,2014,ok
Ariana Grande,Into You,2016,2010s,Pop,international,spotify:track:76FZM38RC8XaAjJ77CVTNe,no,120.0,Ariana Grande,Into You,2016,ok
Ariana Grande,No Tears Left to Cry,2018,2010s,Pop,international,spotify:track:2qT1uLXPVPzGgFOx4jtEuo,no,120.0,Ariana Grande,no tears left to cry,2018,ok
Ariana Grande,"Thank U, Next",2018,2010s,Pop,international,spotify:track:3e9HZxeyfWwjeyPAMmWSSQ,no,118.0,Ariana Grande,"thank u, next",2019,ok
Ariana Grande,7 Rings,2019,2010s,Pop,international,spotify:track:6ocbgoVGwYJhOv1GgI9NsF,no,120.0,Ariana Grande,7 rings,2019,ok
Justin Bieber,Baby,2010,2010s,Pop,international,spotify:track:6epn3r7S14KUqlReYr77hA,no,111.8,"Justin Bieber, Ludacris",Baby,2010,ok
Justin Bieber,Boyfriend,2012,2010s,Pop,international,spotify:track:3UGIZ8qcrMTwzLbx6Kttqt,no,120.0,Justin Bieber,Boyfriend,2012,ok
Justin Bieber,Sorry,2015,2010s,Pop,international,spotify:track:00ikRnfV36fFD6b01N4R43,no,116.0,Justin Bieber,Sorry,2023,ok
Justin Bieber,Love Yourself,2015,2010s,Pop,international,spotify:track:2L4FTYo9rIhLB8oeysKla7,no,118.0,Justin Bieber,Love Yourself,2017,ok
Justin Bieber,What Do You Mean?,2015,2010s,Pop,international,spotify:track:4B0JvthVoAAuygILe3n4Bs,no,120.0,Justin Bieber,What Do You Mean?,2015,ok
Justin Timberlake,Mirrors,2013,2010s,Pop,international,spotify:track:4rHZZAmHpZrA3iH5zx8frV,no,120.0,Justin Timberlake,Mirrors,2013,ok
Justin Timberlake,Can't Stop the Feeling!,2016,2010s,Pop,international,spotify:track:6JV2JOEocMgcZxYSZelKcc,no,79.9,Justin Timberlake,"CAN'T STOP THE FEELING! (from DreamWorks Animation's ""TROLLS"")",2016,ok
Ed Sheeran,The A Team,2011,2010s,Pop,international,spotify:track:1VdZ0vKfR5jneCmWIUAMxK,no,120.0,Ed Sheeran,The A Team,2011,ok
Ed Sheeran,Sing,2014,2010s,Pop,international,spotify:track:6K8qKeWo5MsFED7wCR6Kop,no,120.0,Ed Sheeran,Sing,2014,ok
Ed Sheeran,Thinking Out Loud,2014,2010s,Pop,international,spotify:track:34gCuhDGsG4bRPIf9bb02f,no,120.0,Ed Sheeran,Thinking out Loud,2014,ok
Ed Sheeran,Photograph,2014,2010s,Pop,international,spotify:track:1HNkqx9Ahdgi1Ixy2xkKkL,no,120.0,Ed Sheeran,Photograph,2014,ok
Ed Sheeran,Shape of You,2017,2010s,Pop,international,spotify:track:7qiZfU4dY1lWllzX7mPBI3,no,120.0,Ed Sheeran,Shape of You,2017,ok
Ed Sheeran,Castle on the Hill,2017,2010s,Pop,international,spotify:track:6PCUP3dWmTjcTtXY02oFdT,no,120.0,Ed Sheeran,Castle on the Hill,2017,ok
Ed Sheeran,Perfect,2017,2010s,Pop,international,spotify:track:0tgVpDi06FyKpA1z0VMD4v,no,120.0,Ed Sheeran,Perfect,2017,ok
Sam Smith,Stay with Me,2014,2010s,Pop,international,spotify:track:5Nm9ERjJZ5oyfXZTECKmRt,no,120.0,Sam Smith,Stay With Me,2014,ok
Sam Smith,I'm Not the Only One,2014,2010s,Pop,international,spotify:track:7795WJLVKJoAyVoOtCWqXN,no,120.0,Sam Smith,I'm Not The Only One,2014,ok
Sam Smith,Too Good at Goodbyes,2017,2010s,Pop,international,spotify:track:1mXVgsBdtIVeCLJnSnmtdV,no,120.0,Sam Smith,Too Good At Goodbyes,2017,ok
Sia,Chandelier,2014,2010s,Pop,international,spotify:track:4VrWlk8IQxevMvERoX08iC,no,120.0,Sia,Chandelier,2014,ok
Sia,Elastic Heart,2014,2010s,Pop,international,spotify:track:6kwAbEjseqBob48jCus7Sz,no,120.0,Sia,Elastic Heart,2014,ok
Sia,Cheap Thrills,2016,2010s,Pop,international,spotify:track:27SdWb2rFzO6GWiYDBTD9j,no,120.0,Sia,Cheap Thrills,2016,ok
Lorde,Royals,2013,2010s,Alternative / Pop,international,spotify:track:2dLLR6qlu5UJ5gk0dKz0h3,no,120.0,Lorde,Royals,2013,ok
Lorde,Team,2013,2010s,Alternative / Pop,international,spotify:track:3G6hD9B2ZHOsgf4WfNu7X1,no,120.0,Lorde,Team,2013,ok
Lana Del Rey,Video Games,2011,2010s,Alternative / Pop,international,spotify:track:5xTEkzHycz81QTcqCS9oVv,no,120.0,Lana Del Rey,Video Games,2011,ok
Lana Del Rey,Summertime Sadness,2012,2010s,Alternative / Pop,international,spotify:track:3BJe4B8zGnqEdQPMvfVjuS,no,120.0,Lana Del Rey,Summertime Sadness,2012,ok
Lana Del Rey,Young and Beautiful,2013,2010s,Alternative / Pop,international,spotify:track:2nMeu6UenVvwUktBCpLMK9,no,120.0,Lana Del Rey,Young And Beautiful,2013,ok
Billie Eilish,Ocean Eyes,2016,2010s,Alternative / Pop,international,spotify:track:2uIX8YMNjGMD7441kqyyNU,no,120.0,Billie Eilish,ocean eyes,2016,ok
Billie Eilish,Bad Guy,2019,2010s,Alternative / Pop,international,spotify:track:2Fxmhks0bxGSBdJ92vM42m,no,120.0,Billie Eilish,bad guy,2019,ok
Billie Eilish,Bury a Friend,2019,2010s,Alternative / Pop,international,spotify:track:4SSnFejRGlZikf02HLewEF,no,120.0,Billie Eilish,bury a friend,2019,ok
The Weeknd,Can't Feel My Face,2015,2010s,Pop / R&B,international,spotify:track:22VdIZQfgXJea34mQxlt81,no,120.0,The Weeknd,Can't Feel My Face,2015,ok
The Weeknd,The Hills,2015,2010s,Pop / R&B,international,spotify:track:7fBv7CLKzipRk6EC6TWHOB,no,120.0,The Weeknd,The Hills,2015,ok
The Weeknd,Starboy,2016,2010s,Pop / R&B,international,spotify:track:7MXVkk9YMctZqd1Srtv4MB,no,109.3,"The Weeknd, Daft Punk",Starboy,2016,ok
The Weeknd,I Feel It Coming,2016,2010s,Pop / R&B,international,spotify:track:3dhjNA0jGA8vHBQ1VdD6vV,no,109.3,"The Weeknd, Daft Punk",I Feel It Coming,2016,ok
Dua Lipa,Be the One,2015,2010s,Pop,international,spotify:track:1u5WAP1xPjbQu78BcoXfVx,no,120.0,Dua Lipa,Be the One,2015,ok
Dua Lipa,New Rules,2017,2010s,Pop,international,spotify:track:2ekn2ttSfGqwhhate0LSR0,no,120.0,Dua Lipa,New Rules,2017,ok
Dua Lipa,IDGAF,2017,2010s,Pop,international,spotify:track:76cy1WJvNGJTj78UqeA5zr,no,120.0,Dua Lipa,IDGAF,2017,ok
Dua Lipa,Don't Start Now,2019,2010s,Pop,international,spotify:track:3PfIrDoz19wz7qK7tYeu62,no,118.0,Dua Lipa,Don't Start Now,2020,ok
Camila Cabello,Havana,2017,2010s,Pop,international,spotify:track:1rfofaqEpACxVEHIZBJe6W,no,109.0,"Camila Cabello, Young Thug",Havana (feat. Young Thug),2018,ok
Camila Cabello,Never Be the Same,2017,2010s,Pop,international,spotify:track:6VpQdig9pdpTSIFItgkJV5,no,120.0,Camila Cabello,Never Be the Same,2017,ok
Shawn Mendes,Stitches,2015,2010s,Pop,international,spotify:track:5jsw9uXEGuKyJzs0boZ1bT,no,120.0,Shawn Mendes,Stitches,2015,ok
Shawn Mendes,Treat You Better,2016,2010s,Pop,international,spotify:track:3QGsuHI8jO1Rx4JWLUh9jd,no,118.0,Shawn Mendes,Treat You Better,2017,ok
Shawn Mendes,There's Nothing Holdin' Me Back,2017,2010s,Pop,international,spotify:track:7JJmb5XwzOO8jgpou264Ml,no,120.0,Shawn Mendes,There's Nothing Holdin' Me Back,2017,ok
Shawn Mendes & Camila Cabello,Señorita,2019,2010s,Pop,international,spotify:track:0TK2YIli7K1leLovkQiNik,no,120.0,"Shawn Mendes, Camila Cabello",Señorita,2019,ok
Meghan Trainor,All About That Bass,2014,2010s,Pop,international,spotify:track:0ifSeVGUr7py5GggttDhXw,no,120.0,Meghan Trainor,All About That Bass,2014,ok
Meghan Trainor,Lips Are Movin,2014,2010s,Pop,international,spotify:track:6gj08XDlv9Duc2fPOxUmVD,no,118.0,Meghan Trainor,Lips Are Movin,2015,ok
Carly Rae Jepsen,Call Me Maybe,2011,2010s,Pop,international,spotify:track:20I6sIOMTCkB6w7ryavxtO,no,118.0,Carly Rae Jepsen,Call Me Maybe,2012,ok
Carly Rae Jepsen,I Really Like You,2015,2010s,Pop,international,spotify:track:1mKXfxIOA7eQQJ844OFm7L,no,120.0,Carly Rae Jepsen,I Really Like You,2015,ok
Kesha,Tik Tok,2009,2000s,Pop,international,,no,,,,,
Kesha,We R Who We R,2010,2010s,Pop,international,spotify:track:3LUWWox8YYykohBbHUrrxd,no,120.0,Kesha,We R Who We R,2010,ok
Kesha,Die Young,2012,2010s,Pop,international,spotify:track:7EQGXaVSyEDsCWKmUcfpLk,no,120.0,Kesha,Die Young,2012,ok
Nicki Minaj,Super Bass,2010,2010s,Hip-hop / Pop,international,spotify:track:3hlksXnvbKogFdPbpO9vel,no,120.0,Nicki Minaj,Super Bass,2010,ok
Nicki Minaj,Starships,2012,2010s,Hip-hop / Pop,international,spotify:track:2EBCVPNAG46nbgs6jXPGvv,no,120.0,Nicki Minaj,Starships,2012,ok
Nicki Minaj,Anaconda,2014,2010s,Hip-hop,international,spotify:track:5eqiMMbaeUZ32Q7sS00H35,no,120.0,Nicki Minaj,Anaconda,2014,ok
Iggy Azalea,Fancy,2014,2010s,Hip-hop / Pop,international,spotify:track:3W3KtDwAIg3mAruSpnfG3Q,no,109.3,"Iggy Azalea, Charli xcx",Fancy,2014,ok
Macklemore & Ryan Lewis,Thrift Shop,2012,2010s,Hip-hop,international,spotify:track:7bYZBVrnRfqeaPbhRyEvK3,no,107.5,"Macklemore & Ryan Lewis, Macklemore, Ryan Lewis, Wanz",Thrift Shop (feat. Wanz),2012,ok
Macklemore & Ryan Lewis,Can't Hold Us,2011,2010s,Hip-hop,international,spotify:track:3bidbhpOYeV4knp8AIu8Xn,no,103.9,"Macklemore, Ryan Lewis, Macklemore & Ryan Lewis, Ray Dalton",Can't Hold Us (feat. Ray Dalton),2012,ok
Drake,Hotline Bling,2015,2010s,Hip-hop / R&B,international,spotify:track:0wwPcA6wtMf6HUMpIRdeP7,no,118.0,Drake,Hotline Bling,2016,ok
Drake,One Dance,2016,2010s,Hip-hop / R&B,international,spotify:track:193VhCWkSN0S46Jr4c7NWT,no,116.0,Drake,One Dance,2026,ok
Drake,God's Plan,2018,2010s,Hip-hop,international,spotify:track:6DCZcSspjsKoFjzjrWoCdn,no,120.0,Drake,God's Plan,2018,ok
Post Malone,Congratulations,2016,2010s,Hip-hop / Pop,international,spotify:track:3a1lNhkSLSkpJE4MSHpDu9,no,113.1,"Post Malone, Quavo",Congratulations,2016,ok
Post Malone,Rockstar,2017,2010s,Hip-hop / Pop,international,spotify:track:0I2XhicZdPwyDTtsCELdSf,no,110.0,"Post Malone, 21 Savage",rockstar,2017,ok
Post Malone,Circles,2019,2010s,Pop,international,spotify:track:21jGcNKet2qwijlDFuPiPb,no,120.0,Post Malone,Circles,2019,ok
Cardi B,Bodak Yellow,2017,2010s,Hip-hop,international,spotify:track:2771LMNxwf62FTAdpJMQfM,no,120.0,Cardi B,Bodak Yellow,2017,ok
"Cardi B, Bad Bunny & J Balvin",I Like It,2018,2010s,Hip-hop / Latin,international,spotify:track:58q2HKrzhC3ozto2nDdN4z,no,120.0,"Cardi B, Bad Bunny, J Balvin",I Like It,2018,ok
Lil Nas X,Old Town Road,2018,2010s,Hip-hop / Country,international,spotify:track:0F7FA14euOIX8KcbEturGH,no,118.0,Lil Nas X,Old Town Road,2019,ok
Lizzo,Truth Hurts,2017,2010s,Pop / R&B,international,spotify:track:3HWzoMvoF3TQfYg4UPszDq,no,118.0,Lizzo,Truth Hurts,2019,ok
Lizzo,Good as Hell,2016,2010s,Pop / R&B,international,spotify:track:3Yh9lZcWyKrK9GjbhuS0hR,no,120.0,Lizzo,Good as Hell,2016,ok
Pharrell Williams,Happy,2013,2010s,Pop,international,spotify:track:0eMxgAHmuvoqpLyYQrbKvQ,no,98.9,"Pharrell Williams, Scott Rogers, Noteservice Wind Ensemble",Happy,2016,ok
Robin Thicke,Blurred Lines,2013,2010s,Pop / R&B,international,spotify:track:0n4bITAu0Y0nigrz3MFJMb,no,104.7,"Robin Thicke, T.I., Pharrell Williams",Blurred Lines,2013,ok
Gotye feat. Kimbra,Somebody That I Used to Know,2011,2010s,Alternative / Pop,international,spotify:track:1qDrWA6lyx8cLECdZE7TV7,no,106.8,"Gotye, Kimbra",Somebody That I Used To Know,2011,ok
fun.,We Are Young,2011,2010s,Pop / Rock,international,spotify:track:3ehrxAhYms24KLPG8FZe0W,no,97.6,"fun., Janelle Monáe",We Are Young (feat. Janelle Monáe),2011,ok
fun.,Some Nights,2012,2010s,Pop / Rock,international,spotify:track:0kR4Gn7FljUY4t8SKIFyZh,no,120.0,fun.,Some Nights,2012,ok
Imagine Dragons,It's Time,2012,2010s,Alternative / Rock,international,spotify:track:7MXlTgQeo3IVlMpLnZuhxc,no,120.0,Imagine Dragons,It's Time,2012,ok
Imagine Dragons,Radioactive,2012,2010s,Alternative / Rock,international,spotify:track:62yJjFtgkhUrXktIoSjgP2,no,120.0,Imagine Dragons,Radioactive,2012,ok
Imagine Dragons,Demons,2012,2010s,Alternative / Rock,international,spotify:track:5qaEfEh1AtSdrdrByCP7qR,no,120.0,Imagine Dragons,Demons,2012,ok
Imagine Dragons,Believer,2017,2010s,Alternative / Rock,international,spotify:track:2jLk6ozHgQy2j26kcnLzEt,no,120.0,Imagine Dragons,Believer,2017,ok
Imagine Dragons,Thunder,2017,2010s,Alternative / Rock,international,spotify:track:1zB4vmk8tFRmM9UULNzbLB,no,120.0,Imagine Dragons,Thunder,2017,ok
OneRepublic,Counting Stars,2013,2010s,Pop / Rock,international,spotify:track:2tpWsVSb9UEmDRxAl1zhX1,no,120.0,OneRepublic,Counting Stars,2013,ok
OneRepublic,Love Runs Out,2014,2010s,Pop / Rock,international,spotify:track:3cOO5IQtOYs7huq4Z6lYfr,no,120.0,OneRepublic,Love Runs Out,2014,ok
Maroon 5,Moves Like Jagger,2011,2010s,Pop,international,spotify:track:1r299qCKBLgUS9XJ9m1kEx,no,98.6,"Maroon 5, Christina Aguilera",Moves Like Jagger,2015,ok
Maroon 5,Payphone,2012,2010s,Pop,international,spotify:track:1XGmzt0PVuFgQYYnV2It7A,no,106.3,"Maroon 5, Wiz Khalifa",Payphone,2012,ok
Maroon 5,Sugar,2014,2010s,Pop,international,spotify:track:494OU6M7NOf4ICYb4zWCf5,no,118.0,Maroon 5,Sugar,2015,ok
Maroon 5,Girls Like You,2017,2010s,Pop,international,spotify:track:7npLlaPu9Mfno8hjk5OagD,no,118.0,Maroon 5,Girls Like You,2018,ok
Coldplay,Paradise,2011,2010s,Alternative / Pop,international,spotify:track:6nek1Nin9q48AVZcWs9e9D,no,120.0,Coldplay,Paradise,2011,ok
Coldplay,Every Teardrop Is a Waterfall,2011,2010s,Alternative / Pop,international,spotify:track:2U8g9wVcUu9wsg6i7sFSv8,no,120.0,Coldplay,Every Teardrop Is a Waterfall,2011,ok
Coldplay,A Sky Full of Stars,2014,2010s,Alternative / Pop,international,spotify:track:0FDzzruyVECATHXKHFs9eJ,no,120.0,Coldplay,A Sky Full of Stars,2014,ok
Coldplay,Adventure of a Lifetime,2015,2010s,Alternative / Pop,international,spotify:track:69uxyAqqPIsUyTO8txoP2M,no,120.0,Coldplay,Adventure of a Lifetime,2015,ok
Coldplay,Hymn for the Weekend,2015,2010s,Alternative / Pop,international,spotify:track:3RiPr603aXAoi4GHyXx0uy,no,120.0,Coldplay,Hymn for the Weekend,2015,ok
Arctic Monkeys,Do I Wanna Know?,2013,2010s,Alternative / Rock,international,spotify:track:5FVd6KXrgO9B3JPmC8OPst,no,120.0,Arctic Monkeys,Do I Wanna Know?,2013,ok
Arctic Monkeys,R U Mine?,2012,2010s,Alternative / Rock,international,spotify:track:6c5QZx2v9753q26g1Fvo2F,no,120.0,Arctic Monkeys,R U Mine?,2012,ok
The Black Keys,Lonely Boy,2011,2010s,Alternative / Rock,international,spotify:track:5G1sTBGbZT5o4PNRc75RKI,no,120.0,The Black Keys,Lonely Boy,2011,ok
The Black Keys,Gold on the Ceiling,2011,2010s,Alternative / Rock,international,spotify:track:5lN1EH25gdiqT1SFALMAq1,no,120.0,The Black Keys,Gold on the Ceiling,2011,ok
Foster the People,Pumped Up Kicks,2010,2010s,Alternative,international,spotify:track:7w87IxuO7BDcJ3YUqCyMTT,no,118.0,Foster The People,Pumped Up Kicks,2011,ok
Walk the Moon,Shut Up and Dance,2014,2010s,Alternative / Pop,international,spotify:track:4kbj5MwxO1bq9wjT5g9HaA,no,120.0,WALK THE MOON,Shut Up and Dance,2014,ok
Twenty One Pilots,Stressed Out,2015,2010s,Alternative,international,spotify:track:3CRDbSIZ4r5MsZ0YwxuEkn,no,120.0,Twenty One Pilots,Stressed Out,2015,ok
Twenty One Pilots,Ride,2015,2010s,Alternative,international,spotify:track:2Z8WuEywRWYTKe1NybPQEW,no,120.0,Twenty One Pilots,Ride,2015,ok
Panic! at the Disco,High Hopes,2018,2010s,Alternative / Pop,international,spotify:track:1rqqCSm0Qe4I9rUvWncaom,no,120.0,Panic! At The Disco,High Hopes,2018,ok
Portugal. The Man,Feel It Still,2017,2010s,Alternative,international,spotify:track:6QgjcU0zLnzq5OrUoSZ3OK,no,120.0,Portugal. The Man,Feel It Still,2017,ok
Mumford & Sons,Little Lion Man,2009,2000s,Folk / Rock,international,,no,,,,,
Mumford & Sons,I Will Wait,2012,2010s,Folk / Rock,international,spotify:track:5PRRthP9SLfbXB359MfIWv,no,120.0,Mumford & Sons,I Will Wait,2012,ok
Of Monsters and Men,Little Talks,2011,2010s,Folk / Pop,international,spotify:track:2ihCaVdNZmnHZWt0fvAM7B,no,118.0,Of Monsters and Men,Little Talks,2012,ok
Passenger,Let Her Go,2012,2010s,Folk / Pop,international,spotify:track:5KReHDo8W8w9bKTY3KxPy3,no,120.0,Passenger,Let Her Go,2012,ok
Hozier,Take Me to Church,2013,2010s,Alternative,international,spotify:track:3dYD57lRAUcMHufyqn9GcI,no,118.0,Hozier,Take Me To Church,2014,ok
George Ezra,Shotgun,2018,2010s,Pop,international,spotify:track:4ofwffwvvnbSkrMSCKQDaC,no,120.0,George Ezra,Shotgun,2018,ok
Vance Joy,Riptide,2013,2010s,Folk / Pop,international,spotify:track:423RKXolCbgBbkF8WanOwA,no,120.0,Vance Joy,Riptide,2013,ok
Avicii,Levels,2011,2010s,Dance,international,,no,70.1,,,,not_found
Avicii,Wake Me Up,2013,2010s,Dance,international,spotify:track:0nrRP2bk19rLc0orkWPQk2,no,120.0,Avicii,Wake Me Up,2013,ok
Avicii,Hey Brother,2013,2010s,Dance,international,spotify:track:3RreQwfX4DKTrvKi1F2UIf,no,120.0,Avicii,Hey Brother,2013,ok
David Guetta,Titanium,2011,2010s,Dance,international,spotify:track:0TDLuuLlV54CkRRUOahJb4,no,113.4,"David Guetta, Sia",Titanium (feat. Sia),2012,ok
David Guetta,Without You,2011,2010s,Dance,international,spotify:track:0V6J3G6SyYGQzzLUSAlAKe,no,113.6,"David Guetta, USHER",Without You (feat. Usher) - Radio Edit,2011,ok
David Guetta,Play Hard,2013,2010s,Dance,international,spotify:track:16Cs9KsHzgunxaEfGrXysG,no,109.9,"David Guetta, Akon, Ne-Yo",Play Hard (feat. Ne-Yo & Akon) - New Edit,2013,ok
Calvin Harris,Feel So Close,2011,2010s,Dance,international,spotify:track:0K40h9LfEW12p7kk35vT1Y,no,87.3,Calvin Harris,Feel So Close - Extended Mix,2011,ok
Calvin Harris,Summer,2014,2010s,Dance,international,spotify:track:6YUTL4dYpB9xZO5qExPf05,no,120.0,Calvin Harris,Summer,2014,ok
Calvin Harris,How Deep Is Your Love,2015,2010s,Dance,international,spotify:track:22mek4IiqubGD9ctzxc69s,no,111.1,"Calvin Harris, Disciples",How Deep Is Your Love,2015,ok
Calvin Harris,This Is What You Came For,2016,2010s,Dance,international,spotify:track:0azC730Exh71aQlOt9Zj3y,no,112.5,"Calvin Harris, Rihanna",This Is What You Came For,2016,ok
Calvin Harris & Dua Lipa,One Kiss,2018,2010s,Dance,international,spotify:track:7ef4DlsgrMEH11cDZd32M6,no,78.3,"Calvin Harris, Dua Lipa",One Kiss (with Dua Lipa),2018,ok
Swedish House Mafia,One (Your Name),2010,2010s,Dance,international,spotify:track:1ULtmkZQia2op5KeeNHCCs,no,109.7,"Swedish House Mafia, Pharrell Williams",One (Your Name) (feat. Pharrell Williams) - Radio Edit,2010,ok
Swedish House Mafia,Save the World,2011,2010s,Dance,international,spotify:track:0R42XHlMMu4hBgOvdICIsU,no,120.0,Swedish House Mafia,Save The World,2011,ok
Swedish House Mafia,Don't You Worry Child,2012,2010s,Dance,international,spotify:track:5tALkmrC4bRfrSDLimAzuq,no,112.3,"Swedish House Mafia, John Martin",Don't You Worry Child (feat. John Martin) - Radio Edit,2012,ok
Martin Garrix,Animals,2013,2010s,Dance,international,spotify:track:0A9mHc7oYUoCECqByV8cQR,no,120.0,Martin Garrix,Animals,2013,ok
Zedd,Clarity,2012,2010s,Dance,international,spotify:track:60wwxj6Dd9NJlirf84wr2c,no,106.3,"Zedd, Foxes",Clarity,2012,ok
Zedd,Stay,2017,2010s,Dance,international,spotify:track:6uBhi9gBXWjanegOb2Phh0,no,100.2,"Zedd, Alessia Cara",Stay,2017,ok
Major Lazer,Lean On,2015,2010s,Dance,international,spotify:track:4UKJUbcuStnnxLeJmVJsSc,no,109.3,"Major Lazer, MØ, DJ Snake",Lean On,2015,ok
DJ Snake,Turn Down for What,2013,2010s,Dance,international,spotify:track:67awxiNHNyjMXhVgsHuIrs,no,109.3,"DJ Snake, Lil Jon",Turn Down for What,2013,ok
DJ Snake,Let Me Love You,2016,2010s,Dance,international,spotify:track:0lYBSQXN6rCTvUZvg9S0lU,no,105.1,"DJ Snake, Justin Bieber",Let Me Love You,2016,ok
Clean Bandit,Rather Be,2014,2010s,Dance / Pop,international,spotify:track:3s4U7OHV7gnj42VV72eSZ6,no,109.3,"Clean Bandit, Jess Glynne",Rather Be (feat. Jess Glynne),2014,ok
Clean Bandit,Rockabye,2016,2010s,Dance / Pop,international,spotify:track:5knuzwU65gJK7IF5yJsuaW,no,105.1,"Clean Bandit, Anne-Marie, Sean Paul",Rockabye (feat. Sean Paul & Anne-Marie),2016,ok
Kygo,Firestone,2014,2010s,Dance,international,spotify:track:1I8tHoNBFTuoJAlh4hfVVE,no,97.6,"Kygo, Conrad Sewell",Firestone,2016,ok
Kygo,Stole the Show,2015,2010s,Dance,international,spotify:track:4iZPNYqzI2L0uwuUKun7Aa,no,100.2,"Kygo, Parson James",Stole the Show,2015,ok
The Chainsmokers,Closer,2016,2010s,Dance / Pop,international,spotify:track:7BKLCZ1jbUBVqRi2FVlTVw,no,114.3,"The Chainsmokers, Halsey",Closer,2016,ok
The Chainsmokers,Something Just Like This,2017,2010s,Dance / Pop,international,spotify:track:1dNIEtp7AY3oDAKCGg2XkH,no,113.0,"The Chainsmokers, Coldplay",Something Just Like This,2017,ok
Alan Walker,Faded,2015,2010s,Dance,international,spotify:track:7gHs73wELdeycvS48JfIos,no,120.0,Alan Walker,Faded,2015,ok
Marshmello,Happier,2018,2010s,Dance / Pop,international,spotify:track:7BqHUALzNBTanL6OvsqmC1,no,110.1,"Marshmello, Bastille",Happier,2018,ok
LMFAO,Party Rock Anthem,2011,2010s,Dance,international,spotify:track:2bWv2V1JREGtxEuPcMWFBU,no,93.4,"LMFAO, Lauren Bennett, GoonRock",Party Rock Anthem,2018,ok
LMFAO,Sexy and I Know It,2011,2010s,Dance,international,spotify:track:7zyHn7FiJxkW9iWVaSBVDC,no,120.0,LMFAO,Sexy And I Know It,2011,ok
Flo Rida,Good Feeling,2011,2010s,Hip-hop / Pop,international,spotify:track:3NcO4jGK1Opb5ea0mYLpxb,no,120.0,Flo Rida,Good Feeling,2011,ok
Flo Rida,Whistle,2012,2010s,Hip-hop / Pop,international,spotify:track:3bC1ahPIYt1btJzSSEyyrF,no,120.0,Flo Rida,Whistle,2012,ok
Pitbull,Give Me Everything,2011,2010s,Hip-hop / Pop,international,spotify:track:4QNpBfC0zvjKqPJcyqBy9W,no,100.8,"Pitbull, AFROJACK, Ne-Yo, Nayer",Give Me Everything (feat. Nayer),2011,ok
Pitbull,Timber,2013,2010s,Hip-hop / Pop,international,spotify:track:1zHlj4dQ8ZAtrayhuDDmkY,no,110.4,"Pitbull, Kesha",Timber,2013,ok
Taio Cruz,Dynamite,2010,2010s,Pop,international,spotify:track:2CEgGE6aESpnmtfiZwYlbV,no,120.0,Taio Cruz,Dynamite,2010,ok
Jason Derulo,In My Head,2009,2000s,Pop / R&B,international,,no,,,,,
Jason Derulo,Talk Dirty,2013,2010s,Pop / R&B,international,spotify:track:31JwK4iHCf75rnQWoMPU5t,no,111.3,"Jason Derulo, 2 Chainz",Talk Dirty (feat. 2 Chainz),2013,ok
Jason Derulo,Want to Want Me,2015,2010s,Pop,international,spotify:track:7oGZAicScQt96OAW4AruYy,no,120.0,Jason Derulo,Want to Want Me,2015,ok
Luis Fonsi feat. Daddy Yankee,Despacito,2017,2010s,Latin Pop,international,spotify:track:7CUYHcu0RnbOnMz4RuN07w,no,107.4,"Luis Fonsi, Daddy Yankee",Despacito (Featuring Daddy Yankee),2017,ok
J Balvin & Willy William,Mi Gente,2017,2010s,Latin Pop,international,spotify:track:4ipnJyDU3Lq15qBAYNqlqK,no,120.0,"J Balvin, Willy William",Mi Gente,2017,ok
Daddy Yankee,Dura,2018,2010s,Latin Pop,international,spotify:track:6KuqAtoeVzxAYOaMveLNpH,no,120.0,Daddy Yankee,Dura,2018,ok
Enrique Iglesias,Bailando,2014,2010s,Latin Pop,international,,no,60.8,,,,not_found
Shakira,Waka Waka (This Time for Africa),2010,2010s,Pop,international,spotify:track:63Tl9k1sH8tznn3bqoMuyF,no,103.8,Shakira,Waka Waka (This Time for Africa) - K-Mix,2010,ok
Shakira,Can't Remember to Forget You,2014,2010s,Pop,international,spotify:track:7o1Pm9jpH0wFpN5g793Lnq,no,108.4,"Shakira, Rihanna",Can't Remember to Forget You (feat. Rihanna),2014,ok
PSY,Gangnam Style,2012,2010s,Pop / Dance,international,spotify:track:03UrZgTINDqvnUMbbIMhql,no,120.0,PSY,Gangnam Style (강남스타일),2012,ok
PSY,Gentleman,2013,2010s,Pop / Dance,international,spotify:track:6djlRvx69CBXQAoXKqk082,no,116.0,PSY,Gentleman,2021,ok
Bastille,Pompeii,2013,2010s,Alternative / Pop,international,spotify:track:6fNhZRFEkBfgW39W3wKARJ,no,120.0,Bastille,Pompeii,2013,ok
The Lumineers,Ho Hey,2012,2010s,Folk / Pop,international,spotify:track:0DwClY2t9YAWHBROMIgrXb,no,120.0,The Lumineers,Ho Hey,2012,ok
M83,Midnight City,2011,2010s,Electronic,international,spotify:track:6GyFP1nfCDB8lbD2bG0Hq9,no,120.0,M83,Midnight City,2011,ok
Disclosure,Latch,2012,2010s,Electronic / Dance,international,spotify:track:3pgC6hv9bbZSAzEOl6K5nG,no,109.3,"Disclosure, Sam Smith",Latch,2012,ok
Duke Dumont,I Got U,2014,2010s,Dance,international,spotify:track:023H4I7HJnxRqsc9cqeFKV,no,110.0,"Duke Dumont, Jax Jones",I Got U,2014,ok
Route 94,My Love,2014,2010s,Dance,international,spotify:track:4N1MFKjziFHH4IS3RYYUrU,no,106.3,"Route 94, Jess Glynne",My Love,2014,ok
Robin Schulz,Prayer in C,2014,2010s,Dance,international,,no,46.2,,,,not_found
Felix Jaehn,Ain't Nobody (Loves Me Better),2015,2010s,Dance,international,spotify:track:3vbqb78xzvD3CJl7ZeW83c,no,106.1,"felix jaehn, Jasmine Thompson",Ain't Nobody (Loves Me Better),2015,ok
Lost Frequencies,Are You with Me,2014,2010s,Dance,international,spotify:track:39QlSLkqq5shnpAXchT9sI,no,120.0,Lost Frequencies,Are You With Me,2014,ok
Sigala,Easy Love,2015,2010s,Dance,international,spotify:track:4tZp15Dj8yJH3lyf0uh2A4,no,120.0,Sigala,Easy Love,2015,ok
Jonas Blue,Fast Car,2015,2010s,Dance,international,spotify:track:2mCF8L0brIs88eH6Kf2h9p,no,111.7,"Jonas Blue, Dakota",Fast Car,2015,ok
Mike Posner,I Took a Pill in Ibiza (Seeb Remix),2015,2010s,Dance,international,spotify:track:0vbtURX4qv1l7besfwmnD8,no,112.1,"Mike Posner, Seeb",I Took A Pill In Ibiza - Seeb Remix,2016,ok
Rag'n'Bone Man,Human,2016,2010s,Soul / Pop,international,spotify:track:29jRJ1UmzzISUh3CVjPdS1,no,120.0,Rag'n'Bone Man,Human,2016,ok
James Bay,Hold Back the River,2014,2010s,Pop / Rock,international,spotify:track:6PZby1bNMj2ZEPShwQwJnL,no,120.0,James Bay,Hold Back The River,2014,ok
Tom Odell,Another Love,2012,2010s,Pop,international,spotify:track:5FKnuwsKf7YFpmhA5Wnl0q,no,120.0,Tom Odell,Another Love,2012,ok
Lewis Capaldi,Someone You Loved,2018,2010s,Pop,international,spotify:track:2TIlqbIneP0ZY1O0EzYLlc,no,120.0,Lewis Capaldi,Someone You Loved,2018,ok
Tones and I,Dance Monkey,2019,2010s,Pop,international,spotify:track:2XU0oxnq2qxCpomAAuJY8K,no,120.0,Tones And I,Dance Monkey,2019,ok
The Weeknd,Blinding Lights,2019,2010s,Pop,international,spotify:track:0VjIjW4GlUZAMYd2vXMi3b,no,118.0,The Weeknd,Blinding Lights,2020,ok
The Weeknd,Save Your Tears,2020,2020s,Pop,international,spotify:track:5QO79kh1waicV47BqGRL3g,no,120.0,The Weeknd,Save Your Tears,2020,ok
The Weeknd,Take My Breath,2021,2020s,Pop,international,spotify:track:2vgUijXOTRMnWXDtvgMp2b,no,118.0,The Weeknd,Take My Breath,2022,ok
Dua Lipa,Physical,2020,2020s,Pop,international,spotify:track:3AzjcOeAmA57TIOr9zF1ZW,no,120.0,Dua Lipa,Physical,2020,ok
Dua Lipa,Levitating,2020,2020s,Pop,international,spotify:track:39LLxExYz6ewLAcYrzQQyP,no,120.0,Dua Lipa,Levitating,2020,ok
Dua Lipa,Break My Heart,2020,2020s,Pop,international,spotify:track:1raaNykBg1bDnWENUiglUA,no,120.0,Dua Lipa,Break My Heart,2020,ok
Dua Lipa,Houdini,2023,2020s,Pop,international,spotify:track:65AjgsSuwgD1vj7Y7XGe6I,no,120.0,Dua Lipa,Houdini,2023,ok
Dua Lipa,Training Season,2024,2020s,Pop,international,spotify:track:6Qb7YsAqH4wWFUMbGsCpap,no,120.0,Dua Lipa,Training Season,2024,ok
Miley Cyrus,Midnight Sky,2020,2020s,Pop,international,spotify:track:4i2qxFEVVUi8yOYoxB8TCX,no,120.0,Miley Cyrus,Midnight Sky,2020,ok
Miley Cyrus,Flowers,2023,2020s,Pop,international,spotify:track:7DSAEUvxU8FajXtRloy8M0,no,120.0,Miley Cyrus,Flowers,2023,ok
Miley Cyrus,Used to Be Young,2023,2020s,Pop,international,spotify:track:41WQUSINanQHfhfKpFDsms,no,120.0,Miley Cyrus,Used To Be Young,2023,ok
Taylor Swift,Cardigan,2020,2020s,Pop,international,spotify:track:4R2kfaDFhslZEMJqAFNpdd,no,120.0,Taylor Swift,cardigan,2020,ok
Taylor Swift,Willow,2020,2020s,Pop,international,spotify:track:0lx2cLdOt3piJbcaXIV74f,no,120.0,Taylor Swift,willow,2020,ok
Taylor Swift,Anti-Hero,2022,2020s,Pop,international,spotify:track:0V3wPSX9ygBnCm8psDIegu,no,120.0,Taylor Swift,Anti-Hero,2022,ok
Taylor Swift,Cruel Summer,2019,2010s,Pop,international,spotify:track:1BxfuPKGuaTgP7aM0Bbdwr,no,120.0,Taylor Swift,Cruel Summer,2019,ok
Taylor Swift,Fortnight,2024,2020s,Pop,international,spotify:track:2OzhQlSqBEmt7hmkYxfT6m,no,109.3,"Taylor Swift, Post Malone",Fortnight (feat. Post Malone),2024,ok
Billie Eilish,Therefore I Am,2020,2020s,Alternative / Pop,international,spotify:track:54bFM56PmE4YLRnqpW6Tha,no,120.0,Billie Eilish,Therefore I Am,2020,ok
Billie Eilish,Happier Than Ever,2021,2020s,Alternative / Pop,international,spotify:track:4RVwu0g32PAqgUiJoXsdF8,no,120.0,Billie Eilish,Happier Than Ever,2021,ok
Billie Eilish,Birds of a Feather,2024,2020s,Alternative / Pop,international,spotify:track:6dOtVTDdiauQNBQEDOtlAB,no,120.0,Billie Eilish,BIRDS OF A FEATHER,2024,ok
Olivia Rodrigo,Drivers License,2021,2020s,Pop,international,spotify:track:5wANPM4fQCJwkGd4rN57mH,no,120.0,Olivia Rodrigo,drivers license,2021,ok
Olivia Rodrigo,Good 4 U,2021,2020s,Pop / Rock,international,spotify:track:4ZtFanR9U6ndgddUvNcjcG,no,120.0,Olivia Rodrigo,good 4 u,2021,ok
Olivia Rodrigo,Vampire,2023,2020s,Pop,international,spotify:track:1kuGVB7EU95pJObxwvfwKS,no,120.0,Olivia Rodrigo,vampire,2023,ok
Olivia Rodrigo,Bad Idea Right?,2023,2020s,Pop / Rock,international,spotify:track:3IX0yuEVvDbnqUwMBB3ouC,no,120.0,Olivia Rodrigo,bad idea right?,2023,ok
Sabrina Carpenter,Espresso,2024,2020s,Pop,international,spotify:track:2qSkIjg1o9h3YT9RAgYN75,no,120.0,Sabrina Carpenter,Espresso,2024,ok
Sabrina Carpenter,Please Please Please,2024,2020s,Pop,international,spotify:track:5N3hjp1WNayUPZrA8kJmJP,no,120.0,Sabrina Carpenter,Please Please Please,2024,ok
Harry Styles,Watermelon Sugar,2019,2010s,Pop,international,spotify:track:6UelLqGlWMcVH1E5c4H7lY,no,120.0,Harry Styles,Watermelon Sugar,2019,ok
Harry Styles,Adore You,2019,2010s,Pop,international,spotify:track:3jjujdWJ72nww5eGnfs2E7,no,120.0,Harry Styles,Adore You,2019,ok
Harry Styles,As It Was,2022,2020s,Pop,international,spotify:track:4Dvkj6JhhA12EX05fT7y2e,no,120.0,Harry Styles,As It Was,2022,ok
Doja Cat,Say So,2019,2010s,Pop / R&B,international,spotify:track:3Dv1eDb0MEgF93GpLXlucZ,no,120.0,Doja Cat,Say So,2019,ok
Doja Cat,Kiss Me More,2021,2020s,Pop / R&B,international,spotify:track:3DarAbFujv6eYNliUTyqtz,no,113.6,"Doja Cat, SZA",Kiss Me More (feat. SZA),2021,ok
Doja Cat,Paint the Town Red,2023,2020s,Hip-hop / Pop,international,spotify:track:2IGMVunIBsBLtEQyoI1Mu7,no,120.0,Doja Cat,Paint The Town Red,2023,ok
Lizzo,About Damn Time,2022,2020s,Pop,international,spotify:track:4a3D8glGZxhlJfOs1Czc3c,no,120.0,Lizzo,About Damn Time,2022,ok
Beyoncé,Break My Soul,2022,2020s,Pop / Dance,international,spotify:track:5pyoxDZ1PX0KxBxiRVxA4U,no,120.0,Beyoncé,BREAK MY SOUL,2022,ok
Beyoncé,Texas Hold 'Em,2024,2020s,Country / Pop,international,spotify:track:0Z7nGFVCLfixWctgePsRk9,no,120.0,Beyoncé,TEXAS HOLD 'EM,2024,ok
Lady Gaga,Rain on Me,2020,2020s,Pop,international,spotify:track:1iwpSsOOuOQZQUY3Xkxv8F,no,106.0,"Lady Gaga, Ariana Grande",Rain On Me,2020,ok
Lady Gaga,Abracadabra,2025,2020s,Pop,international,spotify:track:2LHNTC9QZxsL3nWpt8iaSR,no,120.0,Lady Gaga,Abracadabra,2025,ok
Ariana Grande,Positions,2020,2020s,Pop,international,spotify:track:35mvY5S1H3J2QZyna3TFe0,no,120.0,Ariana Grande,positions,2020,ok
Ariana Grande,"Yes, And?",2024,2020s,Pop,international,spotify:track:7gaA3wERFkFkgivjwbSvkG,no,120.0,Ariana Grande,"yes, and?",2024,ok
Ariana Grande,We Can't Be Friends (Wait for Your Love),2024,2020s,Pop,international,spotify:track:46kspZSY3aKmwQe7O77fCC,no,120.0,Ariana Grande,we can't be friends (wait for your love),2024,ok
Justin Bieber,Peaches,2021,2020s,Pop / R&B,international,spotify:track:4iJyoBOLtHqaGxP12qzhQI,no,105.7,"Justin Bieber, Daniel Caesar, GIVĒON",Peaches (feat. Daniel Caesar & Giveon),2021,ok
Justin Bieber,Ghost,2021,2020s,Pop,international,spotify:track:6I3mqTwhRpn34SLVafSH7G,no,120.0,Justin Bieber,Ghost,2021,ok
Ed Sheeran,Bad Habits,2021,2020s,Pop,international,spotify:track:3rmo8F54jFF8OgYsqTxm5d,no,120.0,Ed Sheeran,Bad Habits,2021,ok
Ed Sheeran,Shivers,2021,2020s,Pop,international,spotify:track:50nfwKoDiSYg8zOCREWAm5,no,120.0,Ed Sheeran,Shivers,2021,ok
Sam Smith & Kim Petras,Unholy,2022,2020s,Pop,international,spotify:track:3nqQXoyQOWXiESFLlDF1hG,no,120.0,"Sam Smith, Kim Petras",Unholy (feat. Kim Petras),2022,ok
SZA,Kill Bill,2022,2020s,R&B,international,spotify:track:3OHfY25tqY28d16oZczHc8,no,120.0,SZA,Kill Bill,2022,ok
SZA,Good Days,2020,2020s,R&B,international,spotify:track:3YJJjQPAbDT7mGpX3WtQ9A,no,120.0,SZA,Good Days,2020,ok
Harry Styles,Late Night Talking,2022,2020s,Pop,international,spotify:track:1qEmFfgcLObUfQm0j1W2CK,no,120.0,Harry Styles,Late Night Talking,2022,ok
Tate McRae,Greedy,2023,2020s,Pop,international,spotify:track:3rUGC1vUpkDG9CZFHMur1t,no,120.0,Tate McRae,greedy,2023,ok
Tate McRae,Sports Car,2025,2020s,Pop,international,spotify:track:2zOmS55knKWSgScYPTNmGQ,no,120.0,Tate McRae,Sports car,2025,ok
Chappell Roan,"Good Luck, Babe!",2024,2020s,Pop,international,spotify:track:0WbMK4wrZ1wFSty9F7FCgu,no,120.0,Chappell Roan,"Good Luck, Babe!",2024,ok
Chappell Roan,Pink Pony Club,2020,2020s,Pop,international,spotify:track:6rcuy6XqlB9bqvtIRDl25u,no,118.0,Chappell Roan,Pink Pony Club,2022,ok
Benson Boone,Beautiful Things,2024,2020s,Pop,international,spotify:track:6tNQ70jh4OwmPGpYy6R2o9,no,120.0,Benson Boone,Beautiful Things,2024,ok
Teddy Swims,Lose Control,2023,2020s,Pop / Soul,international,spotify:track:6usohdchdzW9oML7VC4Uhk,no,120.0,Teddy Swims,Lose Control,2023,ok
Hozier,Too Sweet,2024,2020s,Alternative / Pop,international,spotify:track:3HMY0r2BAdpasXMY8rseR0,no,120.0,Hozier,Too Sweet,2024,ok
Noah Kahan,Stick Season,2022,2020s,Folk / Pop,international,spotify:track:0mflMxspEfB0VbI1kyLiAv,no,120.0,Noah Kahan,Stick Season,2022,ok
Måneskin,Beggin',2017,2010s,Rock,international,spotify:track:3Wrjm47oTz2sjIgck11l5e,no,120.0,Måneskin,Beggin',2017,ok
Måneskin,I Wanna Be Your Slave,2021,2020s,Rock,international,spotify:track:4pt5fDVTg5GhEvEtlz9dKk,no,120.0,Måneskin,I WANNA BE YOUR SLAVE,2021,ok
Måneskin,The Loneliest,2022,2020s,Rock,international,spotify:track:1Ame8XTX6QHY0l0ahqUhgv,no,120.0,Måneskin,THE LONELIEST,2022,ok
Glass Animals,Heat Waves,2020,2020s,Alternative / Pop,international,spotify:track:3USxtqRwSYz57Ewm6wWRMp,no,120.0,Glass Animals,Heat Waves,2020,ok
Imagine Dragons,Bones,2022,2020s,Alternative / Rock,international,spotify:track:0HqZX76SFLDz2aW8aiqi7G,no,120.0,Imagine Dragons,Bones,2022,ok
Imagine Dragons,Enemy,2021,2020s,Alternative / Rock,international,,no,56.3,,,,not_found
Coldplay,Higher Power,2021,2020s,Pop / Rock,international,spotify:track:0939D7aT18uBDS2MTjWzct,no,120.0,Coldplay,Higher Power,2021,ok
Coldplay & BTS,My Universe,2021,2020s,Pop,international,spotify:track:3FeVmId7tL5YN8B7R3imoM,no,120.0,"Coldplay, BTS",My Universe,2021,ok
BTS,Dynamite,2020,2020s,Pop,international,spotify:track:5QDLhrAOJJdNAmCTJ8xMyW,no,120.0,BTS,Dynamite,2020,ok
BTS,Butter,2021,2020s,Pop,international,spotify:track:1mWdTewIgB3gtBM3TOSFhB,no,120.0,BTS,Butter,2021,ok
BLACKPINK,How You Like That,2020,2020s,Pop,international,spotify:track:4SFknyjLcyTLJFPKD2m96o,no,120.0,BLACKPINK,How You Like That,2020,ok
BLACKPINK,Pink Venom,2022,2020s,Pop,international,spotify:track:0skYUMpS0AcbpjcGsAbRGj,no,120.0,BLACKPINK,Pink Venom,2022,ok
Jung Kook,Seven,2023,2020s,Pop,international,spotify:track:2HRgqmZQC0MC7GeNuDIXHN,no,112.0,"Jung Kook, Latto",Seven (feat. Latto) (Explicit Ver.),2023,ok
Jung Kook,Standing Next to You,2023,2020s,Pop,international,spotify:track:2KslE17cAJNHTsI2MI0jb2,no,120.0,Jung Kook,Standing Next to You,2023,ok
LISA,Money,2021,2020s,Pop / Hip-hop,international,spotify:track:7hU3IHwjX150XLoTVmjD0q,no,120.0,LISA,MONEY,2021,ok
Rema,Calm Down,2022,2020s,Afrobeats / Pop,international,spotify:track:3BnDvpeuGOj21Ir2aVEtQo,no,120.0,Rema,Calm Down,2022,ok
Tyla,Water,2023,2020s,Afrobeats / Pop,international,spotify:track:5aIVCx5tnk0ntmdiinnYvw,no,120.0,Tyla,Water,2023,ok
Wizkid,Essence,2020,2020s,Afrobeats / R&B,international,spotify:track:5FG7Tl93LdH117jEKYl3Cm,no,110.6,"Wizkid, Tems",Essence (feat. Tems),2020,ok
Burna Boy,Last Last,2022,2020s,Afrobeats,international,spotify:track:5YbPxJwPfrj7uswNwoF1pJ,no,120.0,Burna Boy,Last Last,2022,ok
Bad Bunny,Tití Me Preguntó,2022,2020s,Latin / Hip-hop,international,spotify:track:1IHWl5LamUGEuP4ozKQSXZ,no,120.0,Bad Bunny,Tití Me Preguntó,2022,ok
Bad Bunny,Moscow Mule,2022,2020s,Latin / Hip-hop,international,spotify:track:6Xom58OOXk2SoU711L2IXO,no,120.0,Bad Bunny,Moscow Mule,2022,ok
Karol G,Provenza,2022,2020s,Latin Pop,international,spotify:track:7dSZ6zGTQx66c2GF91xCrb,no,120.0,KAROL G,PROVENZA,2022,ok
Karol G & Shakira,TQG,2023,2020s,Latin Pop,international,spotify:track:2oMjKuKUEJFuLiVmTq7Vjx,no,120.0,"KAROL G, Shakira",TQG,2023,ok
Shakira,"BZRP Music Sessions, Vol. 53",2023,2020s,Latin Pop,international,spotify:track:3MhdQkxCOkM41Q7oPFIABJ,no,86.4,"Bizarrap, Shakira","Shakira: Bzrp Music Sessions, Vol. 53",2024,ok
Feid & Young Miko,Classy 101,2023,2020s,Latin Pop,international,spotify:track:1hZsWUnLbqRw09jLAMQSsb,no,120.0,"Feid, Young Miko",CLASSY 101,2023,ok
Myke Towers,Lala,2023,2020s,Latin Pop,international,spotify:track:7ABLbnD53cQK00mhcaOUVG,no,120.0,Myke Towers,LALA,2023,ok
David Guetta & Bebe Rexha,I'm Good (Blue),2022,2020s,Dance,international,spotify:track:4uUG5RXrOk84mYEfFvj3cK,no,120.0,"David Guetta, Bebe Rexha",I'm Good (Blue),2022,ok
Calvin Harris & Ellie Goulding,Miracle,2023,2020s,Dance,international,,no,70.0,,,,not_found
Peggy Gou,(It Goes Like) Nanana,2023,2020s,Dance,international,spotify:track:5Hijdt7rmbj9fUJdXEs6Nz,no,120.0,Peggy Gou,(It Goes Like) Nanana,2023,ok
Tiësto,The Business,2020,2020s,Dance,international,spotify:track:6f3Slt0GbA2bPZlz0aIFXN,no,120.0,Tiësto,The Business,2020,ok
Elton John & Dua Lipa,Cold Heart (PNAU Remix),2021,2020s,Dance / Pop,international,spotify:track:6zSpb8dQRaw0M1dK8PBwQz,no,116.3,"Elton John, Dua Lipa, PNAU",Cold Heart - PNAU Remix,2021,ok
Joel Corry,Head & Heart,2020,2020s,Dance,international,spotify:track:6cx06DFPPHchuUAcTxznu9,no,113.6,"Joel Corry, MNEK",Head & Heart (feat. MNEK),2020,ok
Topic & A7S,Breaking Me,2019,2010s,Dance,international,spotify:track:3H7ihDc1dqLriiWXwsc2po,no,120.0,"Topic, A7S",Breaking Me,2019,ok
Purple Disco Machine & Sophie and the Giants,Hypnotized,2020,2020s,Dance,international,spotify:track:0vWUhCPxpJOJR5urYbZypB,no,120.0,"Purple Disco Machine, Sophie and the Giants",Hypnotized,2020,ok
Lost Frequencies & Calum Scott,Where Are You Now,2021,2020s,Dance,international,spotify:track:3uUuGVFu1V7jTQL60S1r8z,no,120.0,"Lost Frequencies, Calum Scott",Where Are You Now,2021,ok
David Guetta & OneRepublic,I Don't Wanna Wait,2024,2020s,Dance,international,spotify:track:331l3xABO0HMr1Kkyh2LZq,no,120.0,"David Guetta, OneRepublic",I Don't Wanna Wait,2024,ok
Post Malone,Chemical,2023,2020s,Pop,international,spotify:track:5w40ZYhbBMAlHYNDaVJIUu,no,120.0,Post Malone,Chemical,2023,ok
Post Malone & Morgan Wallen,I Had Some Help,2024,2020s,Country / Pop,international,spotify:track:7221xIgOnuakPdLqT0F3nP,no,120.0,"Post Malone, Morgan Wallen",I Had Some Help (Feat. Morgan Wallen),2024,ok
Morgan Wallen,Last Night,2023,2020s,Country,international,spotify:track:583dMdiUquLMenarTp7PQm,no,120.0,Morgan Wallen,Last Night,2023,ok
Luke Combs,Fast Car,2023,2020s,Country,international,spotify:track:1Lo0QY9cvc8sUB2vnIOxDT,no,120.0,Luke Combs,Fast Car,2023,ok
Shaboozey,A Bar Song (Tipsy),2024,2020s,Country / Pop,international,spotify:track:2FQrifJ1N335Ljm3TjTVVf,no,120.0,Shaboozey,A Bar Song (Tipsy),2024,ok
Jack Harlow,First Class,2022,2020s,Hip-hop,international,spotify:track:0wHFktze2PHC5jDt3B17DC,no,120.0,Jack Harlow,First Class,2022,ok
Jack Harlow,Lovin on Me,2023,2020s,Hip-hop,international,spotify:track:3fpM9FZbtQkoCSATHmGpgJ,no,120.0,Jack Harlow,Lovin On Me,2023,ok
Lil Nas X,Montero (Call Me by Your Name),2021,2020s,Hip-hop / Pop,international,spotify:track:67BtfxlNbhBmCDR2L2l8qd,no,120.0,Lil Nas X,MONTERO (Call Me By Your Name),2021,ok
Lil Nas X,Industry Baby,2021,2020s,Hip-hop,international,spotify:track:27NovPIUIRrOZoCHxABJwK,no,107.2,"Lil Nas X, Jack Harlow",INDUSTRY BABY (feat. Jack Harlow),2021,ok
Megan Thee Stallion,Savage,2020,2020s,Hip-hop,international,spotify:track:55CHeLEfn5iJ0IIkgaa4si,no,120.0,Megan Thee Stallion,Savage,2020,ok
Cardi B,Up,2021,2020s,Hip-hop,international,spotify:track:1XXimziG1uhM0eDNCZCrUl,no,120.0,Cardi B,Up,2021,ok
Kendrick Lamar,Not Like Us,2024,2020s,Hip-hop,international,spotify:track:6AI3ezQ4o3HUoP6Dhudph3,no,120.0,Kendrick Lamar,Not Like Us,2024,ok
Central Cee,Doja,2022,2020s,Hip-hop,international,spotify:track:3LtpKP5abr2qqjunvjlX5i,no,120.0,Central Cee,Doja,2022,ok
Tom Grennan,Little Bit of Love,2021,2020s,Pop,international,spotify:track:3Iba59sFmGhQ4kbCY5L8AX,no,120.0,Tom Grennan,Little Bit of Love,2021,ok
Dermot Kennedy,Giants,2020,2020s,Pop,international,spotify:track:0l4AReW2LuX0yStPfgQgSR,no,120.0,Dermot Kennedy,Giants,2020,ok
Lewis Capaldi,Forget Me,2022,2020s,Pop,international,spotify:track:3iHzKA9HlXf5wsGdsrsnSA,no,118.0,Lewis Capaldi,Forget Me,2023,ok
OneRepublic,I Ain't Worried,2022,2020s,Pop,international,spotify:track:4h9wh7iOZ0GGn8QVp4RAOB,no,120.0,OneRepublic,I Ain't Worried,2022,ok
Nicky Youre & dazy,Sunroof,2021,2020s,Pop,international,spotify:track:5YqEzk3C5c3UZ1D5fJUlXA,no,111.9,"Nicky Youre, hey daisy",Sunroof,2023,ok
Gayle,abcdefu,2021,2020s,Pop,international,spotify:track:5TrB6o3iQMaW9NueIlJjKG,no,120.0,GAYLE,abcdefu,2021,ok
JVKE,Golden Hour,2022,2020s,Pop,international,spotify:track:4yNk9iz9WVJikRFle3XEvn,no,120.0,JVKE,golden hour,2022,ok
Stephen Sanchez,Until I Found You,2021,2020s,Pop,international,spotify:track:0T5iIrXA4p5GsubkhuBIKV,no,120.0,Stephen Sanchez,Until I Found You,2021,ok
David Kushner,Daylight,2023,2020s,Pop,international,spotify:track:4Gg1tYCl7rWR4laKbdtPA4,no,120.0,David Kushner,Daylight,2023,ok
Myles Smith,Stargazing,2024,2020s,Pop,international,spotify:track:3Vr3zh0r7ALn8VLqCiRR10,no,120.0,Myles Smith,Stargazing,2024,ok
Szécsi Pál,Csak egy tánc volt,1967,1960s,Pop,hu,spotify:track:1vbtb8dsN81iwFlkkz48Uo,no,94.2,Pál Szécsi,Csak egy tánc volt,2023,ok
Zalatnay Sarolta,Tölcsért csinálok a kezemből,1969,1960s,Pop,hu,spotify:track:3elxbbYBneHZqYkpUc5T20,no,97.8,"Szenes Andrea és Szenes Iván, Zalatnay Sarolta",Tölcsért csinálok a kezembõl,2025,ok
Omega,Régi csibészek,1969,1960s,Rock,hu,spotify:track:18c85ky6MQB1RGsxqsrX1M,no,113.0,Omega,Régi csibészek,2023,ok
Ihász Gábor,Múlnak a gyermekévek,1977,1970s,Pop,hu,spotify:track:6QkjtvV7vIL8Mb9k8Yya71,no,113.0,IHÁSZ GÁBOR,Múlnak A Gyermekévek,2007,ok
Kovács Kati,Nem leszek a játékszered,1966,1960s,Pop,hu,spotify:track:24i0ppn5kQuccXMbmn91oE,no,92.5,Kati Kovács,Nem leszek a játékszered,2025,ok
Wolf Kati,Vuk,1982,1980s,Pop,hu,spotify:track:25RaQLpKs3EehSZjNXyFQB,no,100.9,"Peter Wolf, Kati Wolf",Vuk,2005,ok
Máté Péter,Egy darabot a szívemből,1979,1970s,Pop,hu,spotify:track:0EKFwLHe6JdRpY41LFHsAw,no,113.0,Mate Peter,Egy darabot a szívemből,2006,ok
Koós János,Kislány a zongoránál,1968,1960s,Pop,hu,spotify:track:7KeSG43venZZslHTtRy6oT,no,113.0,Koós János,Kislány A Zongoránál,2007,ok
Soltész Rezső,Szóljon hangosan az ének,1981,1980s,Pop,hu,spotify:track:2IOXb457vGNGluCWfnbcxR,no,113.0,Soltész Rezső,Szóljon hangosan az ének,2020,ok
Fonográf,Az első villamos,1974,1970s,Rock / Pop,hu,spotify:track:5PcI3VmaKjTjUDUS0W9G0n,no,92.1,"Nagy Laszlo Tolcsvay, Fonograf Ensemble",Az első villamos,1995,ok
Omega,Ha én szél lehetnék,1968,1960s,Rock,hu,spotify:track:36JefB2jtvydpeMCpGiVEV,no,113.0,Omega,Ha én szél lehetnék,2003,ok
Neoton együttes,"Kell, hogy várj",1969,1960s,Pop,hu,spotify:track:5sToHalhXEaaV4X5PjOsJE,no,120.0,Neoton együttes,"Kell, hogy várj",1969,ok
Omega,Gyöngyhajú lány,1969,1960s,Rock,hu,spotify:track:7iuwngnOJMV4I35rPkSVPo,no,113.0,Omega,Gyöngyhajú lány,2020,ok
Neoton Família,Holnap hajnalig,1983,1980s,Pop,hu,spotify:track:297GPkBoGAHfvhkgiP1Ly6,no,116.0,Neoton Familia,Holnap hajnalig,1988,ok
Cserháti Zsuzsa,"Kicsi, gyere velem rózsát szedni",1973,1970s,Pop,hu,spotify:track:28vq187KJqRgtHSOQ9fWxJ,no,113.0,Cserháti Zsuzsa,"Kicsi, Gyere Velem Rózsát Szedni",2014,ok
Szécsi Pál,Egy szál harangvirág,1970,1970s,Pop,hu,spotify:track:0baDgWFg88CuXkCeKo6iPY,no,113.0,Szécsi Pál,Egy Szál Harangvirág,2004,ok
Metro,Kócos ördögök,1970,1970s,Rock,hu,spotify:track:5aX86GrBrvXetJQEobJThI,no,113.0,Metro,Kócos ördögök,2023,ok
Illés,Az utcán,1966,1960s,Rock,hu,spotify:track:60bVoEJfqZDv9C0ybIwrzJ,no,113.0,Illes,Az utcán,2023,ok
Kovács Kati,Most kéne abbahagyni,1970,1970s,Pop,hu,spotify:track:7w2B30Hb6wb6cqwxvvEtKP,no,92.5,Kati Kovács,Most kéne abbahagyni,2025,ok
Hofi Géza,Próbálj meg lazítani,1978,1970s,Pop,hu,spotify:track:4bHOiI7OnswXiqoCgaSTO0,no,89.2,Géza Hofi,Próbálj meg lazítani,2024,ok
Zorán,Apám hitte,1977,1970s,Pop,hu,spotify:track:1s26P98AZUa5ECuH6jwY2u,no,113.0,Zorán,APÁM HITTE,1996,ok
Sprint,Postakocsi,1976,1970s,Rock / Pop,hu,spotify:track:1pDUbtAm186vCNjDK9Wya3,no,97.7,"Tibor Nagy, Sprint",Postakocsi,2004,ok
Vámosi János,Járom az utam,1961,1960s,Pop,hu,spotify:track:3bEAXwvqVNbTa8XbVccTEf,no,113.0,Vámosi János,Járom az utam,2016,ok
Vámosi János,Csinibaba,1958,1950s,Pop,hu,spotify:track:4bS9halzdBRKUEm60mr7R1,no,91.0,Janos Vamosi,Csinibaba,2000,ok
Fonográf,Levél a távolból,1976,1970s,Rock / Pop,hu,spotify:track:0FPhl8Sqrrt3KA5ZqAR7RE,no,101.5,Fonograf Ensemble,Levél a távolból,2024,ok
Bergendy,Darabokra törted a szívem,1972,1970s,Pop / Rock,hu,spotify:track:5XSudZwszF920RAFegnpZi,no,101.5,Bergendy Egyuttes,Darabokra törted a szívem,2025,ok
Magna Cum Laude,Vidéki sanzon,2005,2000s,Pop / Rock,hu,spotify:track:3RSKCHHcyyPNngoAsttOmb,no,118.0,Magna Cum Laude,Vidéki sanzon,2006,ok
Delhusa Gjon,Nika se perimeno,1979,1970s,Pop,hu,spotify:track:3HAYpck242FbVMGvgtS6Vs,no,113.0,Delhusa Gjon,NIKA SE PERIMENO,2019,ok
Illés,Táskarádió,1965,1960s,Rock,hu,spotify:track:7xVZKw4oI4bzZCevHccfQd,no,87.8,"Szabolcs Fényes, Péter Bacsó, Illés-Ensemble",Táskarádió,2000,ok
Illés,"Miért hagytuk, hogy így legyen",1969,1960s,Rock,hu,spotify:track:4w6B5qDdM82Umlk2ZJ9SUG,no,90.4,"János Bródy, Lajos Illés, Illes","Miért hagytuk, hogy így legyen?",1993,ok
Illés,Ne gondold,1966,1960s,Rock,hu,spotify:track:2MMDcLV56hD5Q177dxagHW,no,113.0,Illes,Ne gondold,2024,ok
Illés,Sárga rózsa,1968,1960s,Rock,hu,spotify:track:0L9UvKIBSA5Vs1TA9INiKT,no,97.8,Illés-Ensemble,Sárga rózsa,2024,ok
Illés,Amikor én még kissrác voltam,1968,1960s,Rock,hu,spotify:track:44dscsl1xVyUzGAzDzJEN2,no,89.9,"Levente Szörényi, Illés-Ensemble",Amikor én még kissrác voltam,2005,ok
Omega,Petróleumlámpa,1969,1960s,Rock,hu,spotify:track:5fUoyJ5OTVuoJwigIuGGUT,no,113.0,Omega,Petróleumlámpa,2025,ok
Omega,Tízezer lépés,1969,1960s,Rock,hu,spotify:track:0ihBP02HKJp5v1vir9j3MV,no,113.0,Omega,Tízezer lépés,2025,ok
Omega,Ballada a fegyverkovács fiáról,1970,1970s,Rock,hu,spotify:track:58uI4w7VhPy8yEvasSfIUA,no,113.0,Omega,Ballada a fegyverkovács fiáról,2023,ok
Omega,Gammapolis,1978,1970s,Rock,hu,spotify:track:0CvFVj20hPHOV8BoZGhDdt,no,120.0,Omega,Gammapolis,1978,ok
Koncz Zsuzsa,Valahol egy lány,1972,1970s,Pop,hu,spotify:track:0spVavxVOLukAwRsKKz6UG,no,96.1,"Lajos Illés, Koncz Zsuzsa, Illés-Ensemble",Valahol egy lány,2019,ok
Koncz Zsuzsa,Ha én rózsa volnék,1973,1970s,Pop,hu,spotify:track:40p8dJrTYCubXDhzgyl2CB,no,102.3,"János Bródy, Koncz Zsuzsa",Ha én rózsa volnék,2002,ok
Koncz Zsuzsa,Kertész leszek,1975,1970s,Pop,hu,spotify:track:3Wm14cIquryp5Xi6HbyKnj,no,102.3,"János Bródy, Koncz Zsuzsa",Kertész leszek,2002,ok
Koncz Zsuzsa,Mama kérlek,1978,1970s,Pop,hu,spotify:track:0Ny9Mvd4apTA9wxzanw66o,no,102.3,"Bródy János, Koncz Zsuzsa","Mama, kérlek",2019,ok
Zalatnay Sarolta,Hosszú forró nyár,1974,1970s,Pop,hu,spotify:track:30WOlRm3Y2lT2mxxyCDmuv,no,94.7,"Szenes Andrea és Szenes Iván, Zalatnay Sarolta, Kökény Attila",Hosszú forró nyár,2021,ok
Zalatnay Sarolta,Nem várok holnapig,1967,1960s,Pop,hu,spotify:track:4tOEPsxm1j88IAdJOmvEPA,no,91.0,Sarolta Zalatnay,Nem várok holnapig,2023,ok
Kovács Kati,Ha legközelebb látlak,1977,1970s,Pop,hu,spotify:track:3QACs7aGyixERWkhGw6bzz,no,92.5,Kati Kovács,Ha legközelebb látlak,2023,ok
Kovács Kati,Úgy szeretném meghálálni,1979,1970s,Pop,hu,spotify:track:06xXMhx5DLqFBUVaYTQbFu,no,92.5,Kati Kovács,Ugy szeretnem meghalalni,2023,ok
Máté Péter,Azért vannak a jó barátok,1976,1970s,Pop,hu,spotify:track:028yeuqMsQL9AjPgzJqak2,no,94.0,Péter Máté,Azért vannak a jó barátok,1989,ok
Máté Péter,Most élsz,1972,1970s,Pop,hu,spotify:track:58CoEacunfDNK9vZ8cMhZJ,no,113.0,Mate Peter,Most Élsz,2004,ok
Máté Péter,Egyszer véget ér,1978,1970s,Pop,hu,spotify:track:3kGZPO5ZkXFeQFSd2KeAKc,no,94.6,"Janicsák István, Z'Zi Labor, Mate Peter",Egyszer Véget Ér,2005,ok
Cserháti Zsuzsa,"Boldogság, gyere haza",1979,1970s,Pop,hu,spotify:track:5pQcHRjGcgAqoahAjDTvEe,no,92.1,Zsuzsa Cserháti,Boldogság gyere haza,2023,ok
Cserháti Zsuzsa,"Akad, amit nem gyógyít meg az idő sem",1981,1980s,Pop,hu,spotify:track:1KDdMUTrcFzkO1a00Bfhly,no,113.0,Cserháti Zsuzsa,Akad amit nem gyógyít meg az idő sem,1996,ok
Katona Klári,Titkaim,1981,1980s,Pop,hu,,no,,,,,not_found
Katona Klári,Most múlik pontosan,2008,2000s,Pop,hu,,no,,,,,not_found
Szűcs Judit,Táncolj még,1978,1970s,Disco / Pop,hu,spotify:track:5iX9uCWgOy35X4VpQ8Vnol,no,88.9,Judith Szücs,Táncolj még,2025,ok
Szűcs Judit,Ha táncolsz velem,1980,1980s,Disco / Pop,hu,spotify:track:135btzVr1cxCxbgIFq7JXS,no,98.2,"Antal Gábor Szűcs, Judith Szücs",Ha táncolsz velem,2004,ok
Neoton Família,Santa Maria,1979,1970s,Pop / Disco,hu,spotify:track:02Ys76cidl39xe5U8gk2FB,no,116.0,Neoton Familia,Santa Maria,1988,ok
Neoton Família,Don Quijote,1980,1980s,Pop / Disco,hu,spotify:track:26DwcmiH35WVH8XJ5BpmgR,no,116.0,Neoton Familia,Don Quijote,1988,ok
Neoton Família,Kétszázhúsz felett,1981,1980s,Pop / Disco,hu,spotify:track:2533Xo9a66qWERAoznt9MA,no,113.0,Neoton Familia,Kétszázhúsz felett,1998,ok
Neoton Família,Pago Pago,1983,1980s,Pop / Disco,hu,spotify:track:5cLbrEDUw56j9AlcsxFeog,no,113.0,Neoton Familia,Pago Pago,1998,ok
Neoton Família,Nyár van,1984,1980s,Pop,hu,spotify:track:0Sj14VASEJDiUh4vqBPNEi,no,116.0,Neoton Familia,Nyár van,1998,ok
Hungária,Csókkirály,1980,1980s,Rock & Roll / Pop,hu,spotify:track:6BhnmtjXMMaMjU1ddqY4jJ,no,113.0,Hungária,Csókkirály,2024,ok
Hungária,Hotel Menthol,1981,1980s,Rock & Roll / Pop,hu,spotify:track:5gkwNMAzGQb6RaCgUrtkaD,no,113.0,Hungária,Hotel Menthol,2024,ok
Hungária,Micsoda buli,1981,1980s,Rock & Roll / Pop,hu,spotify:track:0ElGPN6ewgborE5gVVF8C7,no,113.0,Hungária,Micsoda buli,2024,ok
Hungária,Limbó hintó,1981,1980s,Rock & Roll / Pop,hu,spotify:track:5y6HfND8hSlsz18sKDdN2a,no,113.0,Hungária,Limbó hintó,2024,ok
Fenyő Miklós,Made in Hungaria,1996,1990s,Rock & Roll / Pop,hu,spotify:track:3CtjtzgGugqZv1cSWo0kI6,no,120.0,Fenyő Miklós,Made in Hungária,1996,ok
KFT,Afrika,1984,1980s,Pop / Rock,hu,spotify:track:0N74pmW0J0EN4fvajOIhAT,no,116.0,KFT,Afrika,1996,ok
KFT,Bábu vagy,1981,1980s,Pop / Rock,hu,spotify:track:3IhJwZYHQVXxtQW89TL30K,no,113.0,KFT,Bábu vagy,2015,ok
KFT,Balatoni nyár,1986,1980s,Pop / Rock,hu,spotify:track:4K5Tz6iRqUBx5EzjUlaIBx,no,116.0,KFT,Balatoni nyár,1996,ok
EDDA Művek,Kölyköd voltam,1980,1980s,Rock,hu,spotify:track:6PMk8VefJTx0k6OVSn2gmB,no,116.0,EDDA Művek,Kölyköd voltam,1992,ok
EDDA Művek,Álmodtam egy világot,1980,1980s,Rock,hu,spotify:track:536AC2nt5yLRPAFES89Vhl,no,116.0,EDDA Művek,Álmodtam egy világot,1994,ok
EDDA Művek,A kör,1985,1980s,Rock,hu,spotify:track:7nwZQBYofDG5ZTTQ6Iewh7,no,113.0,EDDA Művek,A kör,2025,ok
EDDA Művek,Éjjel érkezem,1986,1980s,Rock,hu,spotify:track:7ukNwvBVfea4N2uwrYQOqU,no,116.0,EDDA Művek,Éjjel érkezem,1992,ok
Bikini,Mielőtt elmegyek,1985,1980s,Rock,hu,spotify:track:0azFKzq6meLSnqJ7jmJZQs,no,113.0,Bikini,Mielott elmegyek,2009,ok
Bikini,Közeli helyeken,1989,1980s,Rock,hu,spotify:track:54bq5Vwob1P0ifl6OlNfrC,no,113.0,Bikini,Közeli helyeken,2009,ok
Bikini,Adj helyet magad mellett,1988,1980s,Rock,hu,spotify:track:4nz9bP3E0GKjKV5VvhzQQh,no,87.6,Bikini,Adj helyet magad mellett - Live,1997,ok
Bikini,Ki visz majd haza,1989,1980s,Rock,hu,,no,,,,,not_found
Beatrice,8 óra munka,1991,1990s,Rock,hu,spotify:track:3ytmnj5lQaKBJktFs39kJo,no,113.0,BEATRICE,8 óra munka,2018,ok
Beatrice,Azok a boldog szép napok,1988,1980s,Rock,hu,spotify:track:3CZjZFDZtn1WvSqPr5KCEk,no,120.0,BEATRICE,"Azok A Boldog, Szép Napok",1988,ok
Demjén Ferenc,Szerelemvonat,1989,1980s,Pop / Rock,hu,spotify:track:1OdCOUGAufSGjQ3lZEaUqm,no,120.0,Demjen Ferenc,Szerelemvonat,1989,ok
Demjén Ferenc,Honfoglalás,1996,1990s,Pop / Rock,hu,,no,,,,,not_found
R-GO,Ballag a katona,1984,1980s,Pop,hu,spotify:track:2T9nTlvTw8UhakAdihuSoj,no,113.0,R Go,Ballag a katona,2006,ok
R-GO,Szeretlek is meg nem is,1984,1980s,Pop,hu,spotify:track:3puCklXxo9XP0Xbonykv0y,no,113.0,R Go,"Szeretlek Is, meg nem Is",2024,ok
R-GO,Létezem,1983,1980s,Pop,hu,spotify:track:6QESv4NSVIJRLvP2DfMoFd,no,113.0,R Go,Létezem,2006,ok
Korda György,Reptér,1981,1980s,Pop,hu,spotify:track:20Jqnzpu228437tqAkwy4o,no,113.0,Korda György,Reptér,2023,ok
Korda György,Lady N,1981,1980s,Pop,hu,spotify:track:5CujlEHoS0Vmh1nGojDnTo,no,113.0,Korda György,Lady N,1998,ok
Korda György és Balázs Klári,Mamma Maria,1987,1980s,Pop,hu,,no,,,,,not_found
Zoltán Erika,Szerelemre születtem,1987,1980s,Pop,hu,spotify:track:0BV12t3jwwa8QVFR0ciFGl,no,116.0,Zoltán Erika,Szerelemre születtem,1998,ok
Zoltán Erika,Casanova,1988,1980s,Pop,hu,spotify:track:0HeA49OYLBwAZEZwWa5OhZ,no,118.0,Zoltán Erika,Casanova,1990,ok
Bonanza Banzai,Induljon a banzáj!,1988,1980s,Alternative,hu,spotify:track:1lWCwcttTCtjR4u4O3Hc3P,no,118.0,Bonanza Banzai,Induljon a banzáj!,1989,ok
Bonanza Banzai,Valami véget ért,1989,1980s,Alternative,hu,spotify:track:73GRdxrtOri0fKwhnVN9VV,no,118.0,Bonanza Banzai,Valami véget ért,1991,ok
Ákos,Hello,1993,1990s,Pop / Rock,hu,spotify:track:6yGx6OJ38T0x5reTplmin3,no,120.0,Ákos,Hello,1993,ok
Ákos,Ilyenek voltunk,1997,1990s,Pop / Rock,hu,spotify:track:0zXM6EcCxrG53GXcEhV3W4,no,113.0,Ákos,Ilyenek voltunk,2014,ok
Ákos,Ikon,1998,1990s,Pop / Rock,hu,spotify:track:3ZNvfVU0SPzppF8Og4fCZr,no,113.0,Ákos,Ikon,2015,ok
Pa-Dö-Dö,Bye Bye Szása,1990,1990s,Pop,hu,spotify:track:49dpGiiE2LKH199LzXGHrA,no,120.0,Pa-Dö-Dö,Bye-Bye Szása,1990,ok
Pa-Dö-Dö,Bye-bye Szása,1990,1990s,Pop,hu,spotify:track:49dpGiiE2LKH199LzXGHrA,no,120.0,Pa-Dö-Dö,Bye-Bye Szása,1990,ok
Republic,A 67-es út,1994,1990s,Rock / Pop,hu,spotify:track:6CzipBeqoQB4hAXwYP9DCo,no,120.0,Republic,A 67-Es Út,1994,ok
Republic,Szállj el kismadár,1995,1990s,Rock / Pop,hu,spotify:track:0SxNNT8Laa6eXXAg1gZRma,no,120.0,Republic,Szállj El Kismadár,1995,ok
Republic,Repül a bálna,1991,1990s,Rock / Pop,hu,spotify:track:6klhokseoKR6XNy1JchFT9,no,116.0,Republic,Repül a bálna,2000,ok
Republic,Szeretni valakit valamiért,1996,1990s,Rock / Pop,hu,spotify:track:3vka8VNvyf5TsHDGLWK0ot,no,116.0,Republic,Szeretni valakit valamiért,2000,ok
Republic,Kék és narancssárga,2000,2000s,Rock / Pop,hu,spotify:track:1ECEwbEiZ2lupxFTSULJsj,no,120.0,Republic,Kék és narancssárga,2000,ok
Zámbó Jimmy,Még nem veszíthetek,1994,1990s,Pop,hu,spotify:track:1CkngvTu7wgubaFvMb87ae,no,120.0,Zámbó Jimmy,Még nem veszíthetek,1994,ok
Zámbó Jimmy,"Szeress úgy, ahogy itt vagyok veled",1992,1990s,Pop,hu,spotify:track:1C4UsCVDYYapRNyN95GmlS,no,118.0,Zámbó Jimmy,"Szeress úgy, ahogy itt vagyok veled",1993,ok
Ámokfutók,Szomorú szamuráj,1995,1990s,Pop / Dance,hu,spotify:track:0xbYIxxTeqRHrQ4M7wMZd4,no,118.0,Ámokfutók,Szomorú szamuráj,1994,ok
Ámokfutók,A hold dala,1996,1990s,Pop / Dance,hu,spotify:track:213uCywqFYpPgZskKweTxP,no,120.0,Ámokfutók,A hold dala,1996,ok
Emergency House,Dübörög a ház,1996,1990s,Dance,hu,spotify:track:59aWmUxSXfAt5ubrGRgoqQ,no,118.0,Emergency House,Dübörög a ház,1995,ok
Carpe Diem,Álomhajó,1997,1990s,Pop / Dance,hu,spotify:track:7wHSEadJSf3QunWb8KHiZB,no,120.0,Carpe Diem,Álomhajó,1997,ok
TNT,Titkos üzenet,1997,1990s,Pop,hu,spotify:track:5OdmRZPg8cCOJE6j3wm87X,no,116.0,TNT,Titkos üzenet,1994,ok
TNT,Kicsi gesztenye,2001,2000s,Pop,hu,spotify:track:5Kkcy5cABZ3zynGCnVOBow,no,120.0,TNT,Kicsi Gesztenye,2001,ok
TNT,Tiltott perc,1999,1990s,Pop,hu,spotify:track:3CR1D85Cveqdrt58BCofIR,no,118.0,TNT,Tiltott perc,2000,ok
Soho Party,Az éjjel soha nem ér véget,1998,1990s,Dance / Pop,hu,spotify:track:4pIYWr7uEI7hnU1DfLm1kN,no,113.0,Soho Party,Az Éjjel Soha Nem Ér Véget,2013,ok
Hip Hop Boyz,Ott várok rád,1996,1990s,Pop / Hip-hop,hu,,no,66.2,,,,not_found
Hip Hop Boyz,Megbántottak,1997,1990s,Pop / Hip-hop,hu,,no,77.4,,,,not_found
Kozmix,Kozmix a házban,1998,1990s,Dance,hu,spotify:track:6Ydg6lvG6mVQjx15w5PKxy,no,120.0,Kozmix,Kozmix A Házban,1998,ok
Kozmix,Angyal,2000,2000s,Dance,hu,spotify:track:0Qyhe2ZDmtmKtYK03m4kvp,no,120.0,Kozmix,Angyal,2000,ok
Happy Gang,Sokáig voltam távol,1999,1990s,Pop / Dance,hu,spotify:track:5rqgK31m8exgM1vShPaJcP,no,120.0,Happy Gang,Sokáig Voltam Távol,1999,ok
Animal Cannibals,Takarítónő,1995,1990s,Hip-hop,hu,spotify:track:0Ayh5j1CWpOFcWZSwD3yEk,no,116.0,Animal Cannibals,Takarítónő,1998,ok
Animal Cannibals,Kérek egy puszikát!,1996,1990s,Hip-hop,hu,spotify:track:3GAWbqVQMxILl4TTQj3hiq,no,113.0,Animal Cannibals,Kérek egy puszikát!,2014,ok
Sub Bass Monster,4 ütem,1999,1990s,Hip-hop,hu,spotify:track:14LeU4cl8VGP8u8LnJqnc6,no,120.0,Sub Bass Monster,4 ütem,1999,ok
Sub Bass Monster,"Nincs nő, nincs sírás",1999,1990s,Hip-hop,hu,spotify:track:7mVPIcwXglMYKDANDqaVyr,no,120.0,Sub Bass Monster,"Nincs nő, nincs sirás",1999,ok
Jazz+Az,Ma jól vagyok,1998,1990s,Pop,hu,spotify:track:2pzMF9jL19ngltqNLgbuFz,no,116.0,Jazz+az,Ma jól vagyok,2009,ok
Jazz+Az,"Gin, rum, sör, bor",1999,1990s,Pop,hu,spotify:track:18XirJISLsA3z8UO5zOFa9,no,116.0,Jazz+az,"Gin, Rum, Sör, Bor",2008,ok
V-Tech,Vétkezz velem,1998,1990s,Pop,hu,spotify:track:0WviVgfDdJOzhOdOwmpywd,no,120.0,V-Tech,Vétkezz Velem!,1998,ok
V-Tech,Homokba írt szerelem,2000,2000s,Pop,hu,spotify:track:59vIR2to12kpY70F7aHEqa,no,116.0,V-Tech,Homokba Írt Szerelem,2005,ok
Groovehouse,Hajnal,2001,2000s,Pop,hu,spotify:track:6QW0SwU35pdcDAJvdd9v5H,no,120.0,Groovehouse,Hajnal,2001,ok
Groovehouse,Hadadi,2001,2000s,Pop,hu,spotify:track:3uQTIhG76SJsmbR716ROqn,no,120.0,Groovehouse,Hadadi,2001,ok
Groovehouse,Szavakon túl,2001,2000s,Pop,hu,spotify:track:6u9wMu6ZSeeTiAOmAOD0SA,no,120.0,Groovehouse,Szavakon túl,2001,ok
United,Hófehér jaguár,1999,1990s,Pop / Funk,hu,spotify:track:7ecbLhFYYhF37kqC90CMiq,no,120.0,United,Hofeher Jaguar,1999,ok
United,Keserű méz,2000,2000s,Pop / Funk,hu,spotify:track:0kgfiBTnaGJZ5HEbJ5NbC5,no,118.0,United,Keserû Méz,2001,ok
Tankcsapda,Mennyország Tourist,1999,1990s,Rock,hu,spotify:track:1B05KTWr9SkdVukhRcPJ8v,no,120.0,Tankcsapda,Mennyország Tourist,1999,ok
Tankcsapda,Be vagyok rúgva,1995,1990s,Rock,hu,spotify:track:54G6J9HCMOuHQ0GBzz8trh,no,116.0,Tankcsapda,Be Vagyok Rúgva,2003,ok
Tankcsapda,Ez az a ház,2001,2000s,Rock,hu,spotify:track:2ufueabkXdgfSWWJQnQ8rO,no,120.0,Tankcsapda,Ez Az A Ház,2001,ok
Hooligans,Királylány,2003,2000s,Rock / Pop,hu,spotify:track:2Nud4rJiFIdg8Nq5PjPo5N,no,120.0,Hooligans,Királylány,2003,ok
Hooligans,Játszom,2003,2000s,Rock / Pop,hu,spotify:track:1BRW1pvIHHT4XYSb8rJQnw,no,120.0,Hooligans,Játszom,2003,ok
Hooligans,Félember,2006,2000s,Rock / Pop,hu,spotify:track:60JarpLzVUsWF2s6ZSr48W,no,120.0,Hooligans,Felember,2006,ok
NOX,Százszor ölelj még,2003,2000s,Pop,hu,spotify:track:6tHznUs6vQzX9mk393YNoK,no,120.0,Nox,Százszor ölelj Még!,2003,ok
NOX,"Forogj, világ!",2005,2000s,Pop,hu,spotify:track:1MaUE0VmsQwA0ktD0KDjv4,no,120.0,Nox,Forogj Világ!,2005,ok
Quimby,Most múlik pontosan,2005,2000s,Alternative,hu,spotify:track:0ooiafVrlNqnKR5GQea4Ng,no,120.0,Quimby,Most múlik pontosan,2005,ok
Quimby,Autó egy szerpentinen,2002,2000s,Alternative,hu,spotify:track:3MP5QElX09HxrdujiIlncO,no,116.0,Quimby,Autó egy szerpentinen,2005,ok
Kispál és a Borz,Ha az életben,1994,1990s,Alternative,hu,spotify:track:6drrVCI2dr66BjUL4maVaF,no,116.0,Kispál és a Borz,Ha Az Életben,1998,ok
Kispál és a Borz,Csillag vagy fecske,2000,2000s,Alternative,hu,spotify:track:6CqjfYl62bxhxXEoOltOUp,no,116.0,Kispál és a Borz,Csillag Vagy Fecske,2003,ok
Heaven Street Seven,Hol van az a krézi srác?,2000,2000s,Alternative,hu,spotify:track:2HE7teIJgl9e4C2DJCjUV2,no,120.0,Heaven Street Seven,Hol van az a krézi srác?,2000,ok
Heaven Street Seven,Dél-Amerika,2004,2000s,Alternative,hu,spotify:track:0nEgTdkktvLV6e74Qm7zsm,no,118.0,Heaven Street Seven,Dél-Amerika,2002,ok
Magna Cum Laude,Pálinka dal,2009,2000s,Pop / Rock,hu,spotify:track:1scWEPQSiXdIInQMKlXNjk,no,120.0,Magna Cum Laude,Pálinka dal,2009,ok
Magna Cum Laude,Színezd újra,2006,2000s,Pop / Rock,hu,spotify:track:0DzDEJLCIHYIBVP7uIVgZp,no,120.0,Magna Cum Laude,Szinezd ujra,2006,ok
Zanzibar,Nem vagyok tökéletes,2001,2000s,Pop / Rock,hu,spotify:track:7DxawEQHKswyq0hSJHHJbs,no,120.0,Zanzibár,Nem Vagyok Tökéletes,2001,ok
Zanzibar,Szerelemről szó sem volt,2002,2000s,Pop / Rock,hu,spotify:track:2ALGMSQN5ZHcmkzgZhHB2m,no,118.0,Zanzibar,Szerelemrol Szó Sem Volt,2003,ok
Crystal,Te vagy a jel,2001,2000s,Pop,hu,spotify:track:5I0RFdoSko3VyXuEXfFUXd,no,116.0,Crystal,TE VAGY A JEL,2006,ok
Crystal,Jég a tűzben,2003,2000s,Pop,hu,spotify:track:0WD24AZNa5XpWhXRhkCGt4,no,120.0,Crystal,Jég A Tüzben,2003,ok
Fiesta,Bonita,2001,2000s,Pop,hu,spotify:track:2LN67M1uxYfRPC97r35bs7,no,120.0,Fiesta,Bonita,2001,ok
Fiesta,Hola Mi Amor,2002,2000s,Pop,hu,spotify:track:0DQOCWgNniz8lpBCJeNkUA,no,120.0,Fiesta,Hola Mi Amor,2002,ok
Caramel,Szállok a dallal,2005,2000s,Pop / Soul,hu,spotify:track:1riPjeR3JyANiC13HFnURA,no,104.0,Molnár Ferenc Caramel,Szállok A Dallal,2005,ok
Caramel,Lélekdonor,2008,2000s,Pop / Soul,hu,spotify:track:1O3AiAOK3HWMWrtIxt576H,no,102.0,Molnár Ferenc Caramel,Lélekdonor,2010,ok
Oláh Ibolya,Magyarország,2005,2000s,Pop / Rock,hu,spotify:track:0tjb1SokIgtbqSaX80KOif,no,99.5,Ibolya Oláh,Magyarország,2005,ok
Rúzsa Magdolna,Aprócska blues,2006,2000s,Pop,hu,spotify:track:0Z9AoeVg3le65zXAEcLcEI,no,116.0,Rúzsa Magdolna,Aprócska blues,2016,ok
Rúzsa Magdolna,Gábriel,2008,2000s,Pop,hu,spotify:track:72L8VzhOYYQHi2MWgwnHwr,no,116.0,Rúzsa Magdolna,Gábriel,2016,ok
Rúzsa Magdolna,Egyszer,2018,2010s,Pop,hu,spotify:track:4JnTWVjutHhBZKS0IWno5l,no,118.0,Rúzsa Magdolna,Egyszer,2019,ok
Fluor,Mizu,2010,2010s,Pop / Hip-hop,hu,spotify:track:2woZDcgHTSK51f3UKuTGFj,no,120.0,Fluor,Mizu,2010,ok
Punnany Massif,Élvezd,2011,2010s,Hip-hop / Pop,hu,spotify:track:4k1ysf9Jx5zmmubqGp5pD3,no,120.0,Punnany Massif,Élvezd,2011,ok
Punnany Massif,Élni vagy égni,2013,2010s,Hip-hop / Pop,hu,,no,,,,,not_found
"Majka, Curtis, BLR",Belehalok,2012,2010s,Hip-hop / Pop,hu,spotify:track:1bnvChZ7MDWYgvPI7VVax9,no,120.0,"Majka, Curtis, Blr",Belehalok,2012,ok
Majka,Mindenki táncol /90'/,2017,2010s,Hip-hop / Pop,hu,spotify:track:4CNCUed2qq47dwKlvkBNRI,no,120.0,Majka,Mindenki táncol /90'/,2017,ok
Wellhello,Apuveddmeg,2014,2010s,Pop / Hip-hop,hu,spotify:track:5uca8tEZoZSUiaiBU1Ur7T,no,120.0,Wellhello,Apuveddmeg,2014,ok
Wellhello,Rakpart,2014,2010s,Pop / Hip-hop,hu,spotify:track:0EJCQZrs8WHDTwvTXReixI,no,120.0,Wellhello,Rakpart,2014,ok
Halott Pénz,Darabokra törted a szívem,2016,2010s,Pop / Hip-hop,hu,spotify:track:6OrEcJ6PZCeaRaDeJYBz6q,no,120.0,Halott Pénz,Darabokra Törted A Szívem,2016,ok
Halott Pénz,Valami van a levegőben,2015,2010s,Pop / Hip-hop,hu,spotify:track:7xOUR4tRfNXMBcSgesqROh,no,118.0,Halott Pénz,Valami Van A Levegőben,2016,ok
Halott Pénz,Amikor feladnád,2018,2010s,Pop / Hip-hop,hu,spotify:track:5pZDYdwuEWlCT2Rs7mNyvW,no,118.0,Halott Pénz,Amikor Feladnád,2019,ok
Kelemen Kabátban,Maradjatok gyerekek,2014,2010s,Pop,hu,spotify:track:3HsWYidA3XXxSTXJltstJt,no,115.7,"Kelemen Kabátban, Eckü",Maradjatok Gyerekek,2014,ok
Kelemen Kabátban,Nyári dallam,2013,2010s,Pop,hu,spotify:track:1cRapcB7BYbO0bQAnnoc5a,no,120.0,Kelemen Kabátban,Nyári Dallam,2013,ok
Konyha,Százszor visszajátszott,2018,2010s,Pop / Rock,hu,spotify:track:2CtWdhfo7c60U8FjEhCdup,no,120.0,Konyha,Százszor Visszajátszott,2018,ok
Follow The Flow,Nem tudja senki,2018,2010s,Pop,hu,spotify:track:0XlgY6Jrh51dY2Bfepj9hK,no,120.0,Follow The Flow,Nem Tudja Senki,2018,ok
Follow The Flow,Anyám mondta,2019,2010s,Pop,hu,spotify:track:5kIT2DgxvQy8N0vbyws0Cm,no,120.0,Follow The Flow,Anyám mondta,2019,ok
Bagossy Brothers Company,Olyan ő,2019,2010s,Pop / Rock,hu,spotify:track:0iddCWjFnIc2pENyQWIIn2,no,120.0,Bagossy Brothers Company,Olyan Ő,2019,ok
Bagossy Brothers Company,Visszajövök,2017,2010s,Pop / Rock,hu,spotify:track:7rAl8bIgzk4PXpXooe4AgO,no,118.0,Bagossy Brothers Company,Visszajövök,2019,ok
ByeAlex és a Slepp,Kedvesem,2013,2010s,Pop,hu,,no,,,,,not_found
ByeAlex és a Slepp,Még mindig...,2017,2010s,Pop,hu,spotify:track:1KRLNcB2Kj1IT2Dz6S0a1J,no,120.0,ByeAlex és a Slepp,Még mindig...,2017,ok
"Azahriah, DESH",Mind1,2021,2020s,Pop / Hip-hop,hu,spotify:track:0urTgP4nVlcZuiMVAUepCQ,no,120.0,"Azahriah, DESH",Mind1,2021,ok
Azahriah,3korty,2023,2020s,Pop,hu,spotify:track:5ZY255MSISgMrvHmRZux1E,no,120.0,Azahriah,3korty,2023,ok
Azahriah,Introvertált dal,2022,2020s,Pop,hu,spotify:track:2EAvOY1uymm5ZAd0ZbnnPW,no,118.0,Azahriah,introvertált dal,2023,ok
Azahriah,Four Moods,2022,2020s,Pop,hu,spotify:track:1o0TkBcMTkkOg1KUeB4riK,no,120.0,Azahriah,four moods,2022,ok
Azahriah & DESH,Rét,2022,2020s,Pop / Hip-hop,hu,spotify:track:5pYNDOTIoZZ5ab77vb8EO3,no,118.0,"Azahriah, DESH",Rét,2021,ok
VALMAR,Úristen,2022,2020s,Pop,hu,spotify:track:2ECeeSi1ImwowkGOdAVI6w,no,102.2,"VALMAR, Szikora Róbert",Úristen,2022,ok
VALMAR,Színvak,2022,2020s,Pop,hu,spotify:track:3uAoUHEPlLa5pWKpOrmIxo,no,120.0,VALMAR,SZÍNVAK,2022,ok
Beton.Hofi,Bagira,2022,2020s,Hip-hop,hu,spotify:track:18DVypBkvcJtVFzQr5Ly7J,no,107.4,"Beton.Hofi, Hundred Sins",BAGIRA,2022,ok
Beton.Hofi,Playbánia,2023,2020s,Hip-hop,hu,spotify:track:7A9EcBrwTG6bwswUy7beWW,no,105.4,"Beton.Hofi, Hundred Sins",PLAYBÁNIA,2022,ok
Krúbi,Neheztelek,2018,2010s,Hip-hop,hu,,no,,,,,not_found
Krúbi,Szív,2019,2010s,Hip-hop,hu,spotify:track:6Qg42mHmwZdqT4LpV3KnvP,no,118.0,Krúbi,Szív,2021,ok
Dzsúdló,Lej,2020,2020s,Pop,hu,spotify:track:3sUOONjFxjepoSXvKYrz5E,no,106.7,"Dzsúdló, Lil Frakk",Lej,2020,ok
Dzsúdló,Hiszti,2020,2020s,Pop,hu,spotify:track:7L1hQz6lpfdskdWNbsBg4L,no,120.0,Dzsúdló,Hiszti,2020,ok
T. Danny,Megmondtam,2021,2020s,Pop / Hip-hop,hu,spotify:track:4vtPjmwiNXDg7DOfB3gLet,no,118.0,T. Danny,Megmondtam,2020,ok
T. Danny,YOGA,2023,2020s,Pop / Hip-hop,hu,spotify:track:7i2VQnO1s9hlLZyDBkMBsE,no,107.3,"T. Danny, Manuel",Yoga,2022,ok
Manuel,Messziről jöttem,2019,2010s,Pop / Hip-hop,hu,spotify:track:4pM0ZrNCyFwXrQ8nPfb6v1,no,120.0,Manuel,Messziről jöttem,2019,ok
Manuel,Popstar,2021,2020s,Pop / Hip-hop,hu,spotify:track:4ZT1QMxxsqYTQnlIlQmj4l,no,118.0,Manuel,Popstar,2023,ok
PamKutya,Aranybula,2016,2010s,Pop / Comedy,hu,spotify:track:2L5UIZlS4We7uc8bPnjNHi,no,116.0,Pamkutya,Aranybula,2019,ok
Irigy Hónaljmirigy,Bazi nagy roma lagzi,1998,1990s,Comedy / Pop,hu,,no,,,,,not_found
Napoleon Boulevard,Júlia nem akar a földön járni,1988,1980s,Pop / Rock,hu,spotify:track:3AMB4nrvMY8lukZldgFqeh,no,113.0,Napoleon Boulevard,Júlia nem akar a földön járni,2009,ok
Első Emelet,A film forog tovább,1988,1980s,Pop,hu,spotify:track:4TAHmx4hhJOcRFWrzl6pC7,no,113.0,Első Emelet,A film forog tovább,2023,ok
Első Emelet,Csakazértis szerelem,1987,1980s,Pop,hu,spotify:track:0tseevIhb7MtPRx17BhZvD,no,113.0,Első Emelet,Csakazértis szerelem,2023,ok
Piramis,Szállj fel magasra,1977,1970s,Rock,hu,spotify:track:24k4517B63i6wqkxSs709m,no,113.0,Piramis,Szállj fel magasra,1995,ok
Piramis,Ha volna két életem,1977,1970s,Rock,hu,spotify:track:28iem4MdULZ9uOMcgwYOQA,no,116.0,Piramis,Ha volna Két Életem,1989,ok
Karthago,Requiem,1981,1980s,Rock,hu,spotify:track:5Jbg6bxIpGvQRPEfbKMGfr,no,116.0,Karthago,Requiem,1990,ok
Karthago,Apáink útján,1982,1980s,Rock,hu,spotify:track:6w9l1wjAjYKbjommes1Vy3,no,116.0,Karthago,Apáink Útján,1990,ok
P. Mobil,Kétforintos dal,1978,1970s,Rock,hu,spotify:track:2R9d2LqmuE3IcuLag7zyNt,no,113.0,P. Mobil,Kétforintos dal,2016,ok
P. Mobil,Menj tovább,1979,1970s,Rock,hu,spotify:track:4P89xAiecE8gdUFf7ckndf,no,113.0,P. Mobil,Menj Tovább,2016,ok
Hobo Blues Band,Hajtók dala,1980,1980s,Rock / Blues,hu,spotify:track:0U6xZeOdYd6MmOrr33ydzw,no,113.0,Hobo Blues Band,Hajtók dala,2008,ok
Hobo Blues Band,Vadászat,1984,1980s,Rock / Blues,hu,,no,58.1,,,,not_found
Pokolgép,A jel,1986,1980s,Rock,hu,spotify:track:23IwPOjKD7qhX1CFyQs1ai,no,113.0,Pokolgép,A Jel,2006,ok
Pokolgép,Ítélet helyett,1987,1980s,Rock,hu,spotify:track:5d2cMIWF8Hip96uoDPTU7O,no,116.0,Pokolgép,Ítélet helyett,2001,ok
Ossian,Acélszív,1988,1980s,Rock,hu,spotify:track:6qDWTq65WFWwvIQRyCscv6,no,116.0,Ossian,Acélszív,1998,ok
Ossian,A rock katonái,1988,1980s,Rock,hu,spotify:track:7J4QTxWRP5BsfrmtZAKMpA,no,116.0,Ossian,A Rock Katonái,1998,ok
Charlie,Jég dupla whiskyvel,1994,1990s,Pop / Rock,hu,spotify:track:7a7CGBlaxnfXFHhstZBIDe,no,120.0,Charlie,Jég - dupla whiskyvel,1994,ok
Charlie,Nézz az ég felé,1994,1990s,Pop / Rock,hu,spotify:track:1xeksMujHthtZCehW1LrRu,no,120.0,Charlie,Nézz az ég felé,1994,ok
Gergely Róbert,Emanuelle,1992,1990s,Pop,hu,spotify:track:1okPetqThmUb2fa0ps2FKn,no,120.0,Gergely Róbert,Emanuelle,1992,ok
Manhattan,Rossz vagyok,1991,1990s,Pop,hu,spotify:track:3SjpLIquAUWXUrCcexOwMx,no,113.0,Manhattan,Rossz vagyok,2023,ok
Bon-Bon,A sexepilem,1999,1990s,Pop,hu,spotify:track:2ikqNRbymbDFoHjoSlRU5W,no,118.0,Bon-Bon,A Sexepilem,2000,ok
Bon-Bon,Holnaptól,2000,2000s,Pop,hu,spotify:track:7JxqAM2VDt4xdfVvBjIXsR,no,120.0,Bon-Bon,Holnaptól,2000,ok
Desperado,Táncolj!,2006,2000s,Dance / Pop,hu,spotify:track:3hfIQTU1nbefhJxJJzCwRe,no,116.0,Desperado,Táncolj,2016,ok
Desperado,Gyere és álmodj,2002,2000s,Dance / Pop,hu,spotify:track:29PCu9F6U436hBlBlrb6T6,no,116.0,Desperado,Gyere És Álmodj,2016,ok
Fresh,Táncolj még!,1998,1990s,Pop / Dance,hu,spotify:track:4ziTUHPzCg1RweFZNqOrFu,no,120.0,Fresh,Táncolj még!,1998,ok
Fresh,Itt vagyunk,1997,1990s,Pop / Dance,hu,spotify:track:3ylIIgDqdPGlN0kZaogA1R,no,91.6,Fresh,Itt vagyunk! - Jungle,1998,ok
Baby Sisters,Szeresd a testem,1998,1990s,Pop,hu,spotify:track:4RjDnA6hOHRZBqKuxHekyD,no,113.0,Baby Sisters,Szeresd a testem,2023,ok
UFO,Napolaj,1996,1990s,Pop / Dance,hu,spotify:track:0lFSIsVlMRU7H7Ocm0vfXx,no,118.0,UFO,Napolaj,1997,ok
4F-Club,Balatoni láz,1996,1990s,Dance / Pop,hu,spotify:track:2ZQlpFe9M6g7dtK7Oxq7uL,no,120.0,4F-Club,Balatoni Láz,1996,ok
Ganxsta Zolee és a Kartel,A jó a rossz és a Kartel,1997,1990s,Hip-hop,hu,spotify:track:5pXoYWvXCrjogQEF82pZ5F,no,118.0,Ganxsta Zolee És A Kartel,"A Jó, A Rossz És A Kartel",1999,ok
Ganxsta Zolee és a Kartel,Helldorado,1999,1990s,Hip-hop,hu,spotify:track:1v4oL80GmY22SMC0MxI74h,no,120.0,Ganxsta Zolee És A Kartel,Helldorado,1999,ok
Ganxsta Zolee és a Kartel,Dögölj meg,1995,1990s,Hip-hop,hu,,no,,,,,not_found
Rapülők,Áj láv jú,1992,1990s,Pop / Hip-hop,hu,spotify:track:6z6upROw6LcxLbRoKKH23N,no,118.0,Rapülők,Áj lav jú,1993,ok
Rapülők,Nem adom fel,1993,1990s,Pop / Hip-hop,hu,spotify:track:23LgvtYC8TcH4lAT2LQpTC,no,120.0,Rapülők,Nem adom fel,1993,ok
