artist,title,year,decade,style,language,spotify_uri
Elvis Presley,Jailhouse Rock,1957,1950s,Rock & Roll,international,spotify:track:6pyex9B1kBoRIuabBAc4m8
Chuck Berry,Johnny B. Goode,1958,1950s,Rock & Roll,international,spotify:track:75Suv3FnFQji4Lp3ATMLJ1
Ben E. King,Stand By Me,1961,1960s,Soul / R&B,international,spotify:track:3SdTKo2uVsxFblQjpScoHy
The Animals,House of the Rising Sun,1964,1960s,Rock,international,spotify:track:0ev91hkSfD8mR15VBiAHts
The Temptations,My Girl,1964,1960s,Soul / R&B,international,spotify:track:745H5CctFr12Mo7cqa1BMH
The Mamas & The Papas,California Dreamin',1965,1960s,Pop,international,spotify:track:6pwhPuPd4JEv4XeJDUpxBt
The Rolling Stones,(I Can't Get No) Satisfaction,1965,1960s,Rock,international,spotify:track:2PzU4IB8Dr6mxV3lHuaG34
Simon & Garfunkel,The Sound of Silence,1965,1960s,Folk / Pop,international,spotify:track:3YfS47QufnLDFA71FUsgCM
Aretha Franklin,Respect,1967,1960s,Soul / R&B,international,spotify:track:7s25THrKz86DM225dOYwnr
Louis Armstrong,What a Wonderful World,1967,1960s,Pop,international,spotify:track:29U7stRjqHU6rMiS8BfaI9
The Beatles,Hey Jude,1968,1960s,Pop,international,spotify:track:1eT2CjXwFXNx6oY5ydvzKU
Creedence Clearwater Revival,Fortunate Son,1969,1960s,Rock,international,spotify:track:6HPL4ntDOnsdc1jtnX8XMJ
Illés,Táskarádió,1965,1960s,Rock,hu,spotify:track:7xVZKw4oI4bzZCevHccfQd
Omega,Gyöngyhajú lány,1969,1960s,Rock,hu,spotify:track:6FY7ir6yRahEgQn0mEq73N
Zalatnay Sarolta,Hosszú forró nyár,1974,1970s,Pop,hu,spotify:track:30WOlRm3Y2lT2mxxyCDmuv
Szécsi Pál,Egy szál harangvirág,1970,1970s,Pop,hu,spotify:track:5AnZPTLRFRggeZ2tVVF0AS
Koncz Zsuzsa,Valahol egy lány,1972,1970s,Pop,hu,spotify:track:2P6gFUiyj3ViyJlvgUM1ue
Koncz Zsuzsa,Ha én rózsa volnék,1973,1970s,Pop,hu,spotify:track:1Jwqh8V5BVxD4LGeBuH0F9
Presser Gábor,Valaki mondja meg,1973,1970s,Curated,international,spotify:track:1e7R7e7n7uMDEJ6P9yJZml
Locomotiv GT,Neked írom a dalt,1975,1970s,Curated,international,spotify:track:6mYCHpX18fI6GHXF4A61pT
Zorán,Apám hitte,1977,1970s,Pop,hu,spotify:track:1s26P98AZUa5ECuH6jwY2u
Szűcs Judit,Táncolj még,1978,1970s,Disco / Pop,hu,spotify:track:0VBDR01rlL2iw7IWJwcHgh
Neoton Família,Santa Maria,1979,1970s,Pop / Disco,hu,spotify:track:50Xjp8kIDSdQmoWfHDwFbG
The Beatles,Let It Be,1970,1970s,Pop,international,spotify:track:7iN1s7xHE4ifF5povM6A48
John Lennon,Imagine,1971,1970s,Pop,international,spotify:track:7pKfPomDEeI4TPT6EOYjn9
David Bowie,Starman,1972,1970s,Rock,international,spotify:track:0pQskrTITgmCMyr85tb9qq
Elton John,Crocodile Rock,1972,1970s,Pop,international,spotify:track:6WCeFNVAXUtNczb7lqLiZU
ABBA,Mamma Mia,1975,1970s,Pop,international,spotify:track:2TxCwUlqaOH3TIyJqGgR91
Queen,Bohemian Rhapsody,1975,1970s,Rock,international,spotify:track:2JiDi0qAXsPwhPqA2qaKGt
Boney M.,Daddy Cool,1976,1970s,Disco,international,spotify:track:3WMbD1OyfKuwWDWMNbPQ4g
ABBA,Dancing Queen,1976,1970s,Pop,international,spotify:track:0GjEhVFGZW8afUYGChu3Rr
Eagles,Hotel California,1976,1970s,Rock,international,spotify:track:40riOy7x9W7GXjyGp4pjAv
Bee Gees,Stayin' Alive,1977,1970s,Disco / Pop,international,spotify:track:7qK3JFriCqLorQivsJYG2X
Gloria Gaynor,I Will Survive,1978,1970s,Disco,international,spotify:track:7rIovIsXE6kMn629b7kDig
"Earth, Wind & Fire",September,1978,1970s,Disco / Funk,international,spotify:track:2grjqo0Frpf2okIBiifQKs
Village People,Y.M.C.A.,1978,1970s,Disco,international,spotify:track:3PR0Y4RokWNXUOxg7qQPi1
KISS,I Was Made for Lovin' You,1979,1970s,Rock,international,spotify:track:2AAXciuMxaNd5AEALcynC6
ABBA,Gimme! Gimme! Gimme! (A Man After Midnight),1979,1970s,Pop,international,spotify:track:3vkQ5DAB1qQMYO4Mr9zJN6
Hungária,Csókkirály,1980,1980s,Rock & Roll / Pop,hu,spotify:track:6BhnmtjXMMaMjU1ddqY4jJ
Neoton Família,Don Quijote,1980,1980s,Pop / Disco,hu,spotify:track:1JnkT3BYoEjLdC9nyopB9d
Korda György,Reptér,1981,1980s,Pop,hu,spotify:track:20Jqnzpu228437tqAkwy4o
Neoton Família,Kétszázhúsz felett,1981,1980s,Pop / Disco,hu,spotify:track:2533Xo9a66qWERAoznt9MA
KFT,Afrika,1984,1980s,Pop / Rock,hu,spotify:track:0N74pmW0J0EN4fvajOIhAT
EDDA Művek,A kör,1985,1980s,Rock,hu,spotify:track:2Red6Iwlzb7owsQzWWKc2I
Bikini,Mielőtt elmegyek,1985,1980s,Rock,hu,spotify:track:1kS1iecMrLnwy7pFWU9Pkt
Zoltán Erika,Szerelemre születtem,1987,1980s,Pop,hu,spotify:track:6oAOsq558OLmEo5i7wr4ZN
Bonanza Banzai,Induljon a banzáj!,1988,1980s,Alternative,hu,spotify:track:1lWCwcttTCtjR4u4O3Hc3P
Bikini,Közeli helyeken,1989,1980s,Rock,hu,spotify:track:54bq5Vwob1P0ifl6OlNfrC
Demjén Ferenc,Szerelemvonat,1989,1980s,Pop / Rock,hu,spotify:track:1OdCOUGAufSGjQ3lZEaUqm
Queen,Another One Bites the Dust,1980,1980s,Rock,international,spotify:track:1KPuohcXPmJYQfdyg9zKmR
Dolly Parton,9 to 5,1980,1980s,Country / Pop,international,spotify:track:4w3tQBXhn5345eUXDGBWZG
Barbra Streisand,Woman in Love,1980,1980s,Curated,international,spotify:track:2m5xo4HEFHgOQpqqrxCS5u
Depeche Mode,Just Can't Get Enough,1981,1980s,Alternative,international,spotify:track:0qi4b1l0eT3jpzeNHeFXDT
Survivor,Eye of the Tiger,1982,1980s,Rock,international,spotify:track:2KH16WveTQWT6KOG9Rg6e2
Michael Jackson,Billie Jean,1982,1980s,Pop,international,spotify:track:7J1uxwnxfQLu4APicE5Rnj
Toto,Africa,1982,1980s,Rock,international,spotify:track:2374M0fQpWi3dLnB54qaLX
Cyndi Lauper,Girls Just Want to Have Fun,1983,1980s,Pop,international,spotify:track:4y1LsJpmMti1PfRQV9AWWe
Eurythmics,Sweet Dreams (Are Made of This),1983,1980s,Pop,international,spotify:track:1TfqLAPs4K3s2rJMoCokcS
Bonnie Tyler,Total Eclipse of the Heart,1983,1980s,Pop / Rock,international,spotify:track:7wuJGgpTNzbUyn26IOY6rj
Wham!,Wake Me Up Before You Go-Go,1984,1980s,Pop,international,spotify:track:0ikz6tENMONtK6qGkOrU3c
Madonna,Like a Virgin,1984,1980s,Pop,international,spotify:track:7KV1O7Un7wlBSRJiWHJGC0
a-ha,Take on Me,1985,1980s,Pop,international,spotify:track:2WfaOiMkCvy7F5fcp2zZ8L
Bryan Adams,Summer of '69,1985,1980s,Rock,international,spotify:track:0GONea6G2XdnHWjNZd6zt3
Europe,The Final Countdown,1986,1980s,Rock,international,spotify:track:3MrRksHupTVEQ7YbA0FsZK
Bon Jovi,Livin' on a Prayer,1986,1980s,Rock,international,spotify:track:37ZJ0p5Jm13JPevGcx4SkF
Whitney Houston,I Wanna Dance with Somebody (Who Loves Me),1987,1980s,Pop,international,spotify:track:3lVZi163UlgmyUlWAXwbkD
Rick Astley,Never Gonna Give You Up,1987,1980s,Pop,international,spotify:track:4PTG3Z6ehGkBFwjybzWkR8
Guns N' Roses,Sweet Child o' Mine,1987,1980s,Rock,international,spotify:track:7snQQk1zcKl8gZ92AnueZW
Pa-Dö-Dö,Bye-Bye Szása,1990,1990s,Pop,hu,spotify:track:49dpGiiE2LKH199LzXGHrA
Republic,A 67-es út,1994,1990s,Rock / Pop,hu,spotify:track:5vg3KuGF3wB19PCOzDBYGS
Zámbó Jimmy,Még nem veszíthetek,1994,1990s,Pop,hu,spotify:track:1CkngvTu7wgubaFvMb87ae
Ámokfutók,Szomorú szamuráj,1995,1990s,Pop / Dance,hu,spotify:track:0xbYIxxTeqRHrQ4M7wMZd4
Republic,Szállj el kismadár,1995,1990s,Rock / Pop,hu,spotify:track:3m3dleuZ3G0emS6PSU9nUN
Emergency House,Dübörög a ház,1996,1990s,Dance,hu,spotify:track:59aWmUxSXfAt5ubrGRgoqQ
Carpe Diem,Álomhajó,1997,1990s,Pop / Dance,hu,spotify:track:7wHSEadJSf3QunWb8KHiZB
TNT,Titkos üzenet,1997,1990s,Pop,hu,spotify:track:5OdmRZPg8cCOJE6j3wm87X
Ákos,Ilyenek voltunk,1997,1990s,Pop / Rock,hu,spotify:track:0zXM6EcCxrG53GXcEhV3W4
Soho Party,Az Éjjel Soha Nem Ér Véget,1998,1990s,Dance / Pop,hu,spotify:track:4pIYWr7uEI7hnU1DfLm1kN
Tankcsapda,Mennyország Tourist,1999,1990s,Rock,hu,spotify:track:1B05KTWr9SkdVukhRcPJ8v
United,Hófehér Jaguár,1999,1990s,Pop / Funk,hu,spotify:track:7ecbLhFYYhF37kqC90CMiq
Sinéad O'Connor,Nothing Compares 2 U,1990,1990s,Pop,international,spotify:track:5GHY1DFWKz3Prg2V0Iodqo
R.E.M.,Losing My Religion,1991,1990s,Alternative,international,spotify:track:31AOj9sFz2gM0O3hMARRBx
Nirvana,Smells Like Teen Spirit,1991,1990s,Alternative / Rock,international,spotify:track:4CeeEOM32jQcH3eN9Q2dGj
Ace of Base,All That She Wants,1992,1990s,Pop,international,spotify:track:6kWJvPfC4DgUpRsXKNa9z9
4 Non Blondes,What's Up?,1992,1990s,Alternative,international,spotify:track:0jWgAnTrNZmOGmqgvHhZEm
Robin S,Show Me Love,1993,1990s,Dance,international,spotify:track:4t0UsYzmmmZRMTWn77jiGF
Rednex,Cotton Eye Joe,1994,1990s,Dance,international,spotify:track:06hsdMbBxWGqBO0TV0Zrkf
Scatman John,Scatman (Ski-Ba-Bop-Ba-Dop-Bop),1994,1990s,Dance,international,spotify:track:623rRTKwGmgjH6sjE9uWLh
Fugees,Killing Me Softly With His Song,1996,1990s,Hip-hop / R&B,international,spotify:track:0Q0IVlqMV64kNLlwjPj0Hl
Spice Girls,Wannabe,1996,1990s,Pop,international,spotify:track:68DUL7LbMhXzOzq97F5XhJ
Backstreet Boys,Everybody (Backstreet's Back),1997,1990s,Pop,international,spotify:track:1di1BEgJYzPvXUuinsYJGP
Aqua,Barbie Girl,1997,1990s,Dance / Pop,international,spotify:track:5ZrDlcxIDZyjOzHdYW1ydr
Britney Spears,...Baby One More Time,1998,1990s,Pop,international,spotify:track:52SrRaRC2SlJ2dno1flkg2
Cher,Believe,1998,1990s,Pop,international,spotify:track:6MiNZJ178L6ypTnBt2G4BJ
Lou Bega,Mambo No. 5 (A Little Bit of...),1999,1990s,Pop,international,spotify:track:6x4tKaOzfNJpEJHySoiJcs
Groovehouse,Hajnal,2001,2000s,Pop,hu,spotify:track:6QW0SwU35pdcDAJvdd9v5H
TNT,Kicsi gesztenye,2001,2000s,Pop,hu,spotify:track:1vLu84QthW6HXfG1FfgKCX
NOX,Százszor ölelj még,2003,2000s,Pop,hu,spotify:track:6tHznUs6vQzX9mk393YNoK
Hooligans,Királylány,2003,2000s,Rock / Pop,hu,spotify:track:2Nud4rJiFIdg8Nq5PjPo5N
Quimby,Most múlik pontosan,2005,2000s,Alternative,hu,spotify:track:0ooiafVrlNqnKR5GQea4Ng
Magna Cum Laude,Pálinka dal,2009,2000s,Pop / Rock,hu,spotify:track:1scWEPQSiXdIInQMKlXNjk
Fluor,Mizu,2010,2010s,Pop / Hip-hop,hu,spotify:track:2woZDcgHTSK51f3UKuTGFj
Punnany Massif,Élvezd,2011,2010s,Hip-hop / Pop,hu,spotify:track:4k1ysf9Jx5zmmubqGp5pD3
"Majka, Curtis, BLR",Belehalok,2012,2010s,Hip-hop / Pop,hu,spotify:track:1bnvChZ7MDWYgvPI7VVax9
Wellhello,Apuveddmeg,2014,2010s,Pop / Hip-hop,hu,spotify:track:6gxVNgtJX6Hg7nBWcquMEW
Halott Pénz,Darabokra törted a szívem,2016,2010s,Pop / Hip-hop,hu,spotify:track:6OrEcJ6PZCeaRaDeJYBz6q
Bagossy Brothers Company,Olyan Ő,2019,2010s,Pop / Rock,hu,spotify:track:0iddCWjFnIc2pENyQWIIn2
"Azahriah, DESH",Mind1,2021,2020s,Pop / Hip-hop,hu,spotify:track:7lemjnVRAqQtqqLdSqCKqM
Azahriah,3korty,2023,2020s,Pop,hu,spotify:track:5ZY255MSISgMrvHmRZux1E
Eminem,The Real Slim Shady,2000,2000s,Hip-hop,international,spotify:track:3yfqSUWxFvZELEM4PmlwIR
Kylie Minogue,Can't Get You Out of My Head,2001,2000s,Pop,international,spotify:track:3RYgABHAjXGMkiDIHQiwDQ
Shakira,"Whenever, Wherever",2001,2000s,Pop,international,spotify:track:2lnzGkdtDj5mtlcOW2yRtG
Outkast,Hey Ya!,2003,2000s,Hip-hop / Pop,international,spotify:track:3AszgPDZd9q0DpDFt4HFBy
The White Stripes,Seven Nation Army,2003,2000s,Alternative / Rock,international,spotify:track:3dPQuX8Gs42Y7b454ybpMR
Britney Spears,Toxic,2003,2000s,Pop,international,spotify:track:6I9VzXrHxO9rA9A5euc8Ak
Green Day,American Idiot,2004,2000s,Alternative / Rock,international,spotify:track:6nTiIhLmQ3FWhvrGafw2zj
Gnarls Barkley,Crazy,2006,2000s,Soul / Pop,international,spotify:track:6FlAGda9qkDhTU7ctFM4uG
Rihanna,Umbrella,2007,2000s,Pop / R&B,international,spotify:track:49FYlytm3dAAraYgpoJZux
Lady Gaga,Poker Face,2008,2000s,Pop,international,spotify:track:1QV6tiMFM6fSOKOGLMHYYg
Coldplay,Viva la Vida,2008,2000s,Alternative / Pop,international,spotify:track:6WrUT7FOAlDscRWU7ndmyd
The Black Eyed Peas,I Gotta Feeling,2009,2000s,Pop,international,spotify:track:2H1047e0oMSj10dgp7p2VG
Adele,Rolling in the Deep,2010,2010s,Pop,international,spotify:track:4OSBTYWVwsQhGLF9NHvIbR
Gotye feat. Kimbra,Somebody That I Used to Know,2011,2010s,Alternative / Pop,international,spotify:track:1qDrWA6lyx8cLECdZE7TV7
Carly Rae Jepsen,Call Me Maybe,2011,2010s,Pop,international,spotify:track:20I6sIOMTCkB6w7ryavxtO
Avicii,Wake Me Up,2013,2010s,Dance,international,spotify:track:0nrRP2bk19rLc0orkWPQk2
Mark Ronson feat. Bruno Mars,Uptown Funk,2014,2010s,Pop / Funk,international,spotify:track:32OlwWuMpZ6b0aN2RZOeMS
Taylor Swift,Shake It Off,2014,2010s,Pop,international,spotify:track:0cqRj7pUJDkTCEsJkx8snD
Luis Fonsi feat. Daddy Yankee,Despacito,2017,2010s,Latin Pop,international,spotify:track:5AgTL2WmiCvoObA8fpncKs
Ed Sheeran,Shape of You,2017,2010s,Pop,international,spotify:track:7qiZfU4dY1lWllzX7mPBI3
Billie Eilish,bad guy,2019,2010s,Alternative / Pop,international,spotify:track:2Fxmhks0bxGSBdJ92vM42m
The Weeknd,Blinding Lights,2019,2010s,Pop,international,spotify:track:0VjIjW4GlUZAMYd2vXMi3b
Miley Cyrus,Flowers,2023,2020s,Pop,international,spotify:track:7DSAEUvxU8FajXtRloy8M0
Sabrina Carpenter,Espresso,2024,2020s,Pop,international,spotify:track:2LU2CYKUZUc1iAErxJb1dK
Elvis Presley,Heartbreak Hotel,1956,1950s,Rock & Roll,international,spotify:track:6xNwKNYZcvgV3XTIwsgNio
Elvis Presley,Hound Dog,1956,1950s,Rock & Roll,international,spotify:track:64Ny7djQ6rNJspquof2KoX
Elvis Presley,Love Me Tender,1956,1950s,Pop,international,spotify:track:7iBBcw61QVJxI3NDzlpX2E
Elvis Presley,All Shook Up,1957,1950s,Rock & Roll,international,spotify:track:5ueyLj6e6oVaTY0KQ6yLaA
Elvis Presley,Can't Help Falling in Love,1961,1960s,Pop,international,spotify:track:44AyOl4qVkzS48vBsbNXaC
Elvis Presley,Suspicious Minds,1969,1960s,Pop,international,spotify:track:1H5IfYyIIAlgDX8zguUzns
Chuck Berry,Roll Over Beethoven,1956,1950s,Rock & Roll,international,spotify:track:6C7aTTCUWRK7dD379yUT3W
Chuck Berry,Maybellene,1955,1950s,Rock & Roll,international,spotify:track:3SQhmctWreNM0X6Zkm2K5R
Little Richard,Tutti Frutti,1955,1950s,Rock & Roll,international,spotify:track:2iXcvnD3d1gfLBum0cE5Eg
Little Richard,Long Tall Sally,1956,1950s,Rock & Roll,international,spotify:track:0k1GUkqtiVO2zHbviqweNY
Jerry Lee Lewis,Great Balls of Fire,1957,1950s,Rock & Roll,international,spotify:track:37xXztKytCrfNG1Tge0qdJ
Jerry Lee Lewis,Whole Lotta Shakin' Goin' On,1957,1950s,Rock & Roll,international,spotify:track:4eok7LQlQ6Ca43yEvuoceD
Buddy Holly,Peggy Sue,1957,1950s,Rock & Roll,international,spotify:track:1rMe5ro7tDyeWVdRLOvCBY
Buddy Holly,That'll Be the Day,1957,1950s,Rock & Roll,international,spotify:track:50RwvvEKX5Q7AZt8FTAwIF
Bill Haley & His Comets,Rock Around the Clock,1954,1950s,Rock & Roll,international,spotify:track:5tIuj6gxF6chVXF25KiJmZ
The Platters,Only You (And You Alone),1955,1950s,Pop,international,spotify:track:0S5cs4lAkx99tGjoWS4Jtk
The Chordettes,Mr. Sandman,1954,1950s,Pop,international,spotify:track:4NJEoeZyXB5ICzn4iqznGn
The Chordettes,Lollipop,1958,1950s,Pop,international,spotify:track:0ZOuues7b9AgBOJ0YRZMLR
Paul Anka,Diana,1957,1950s,Pop,international,spotify:track:3OcRqCMJOduvASfVF5Tm5x
Paul Anka,Put Your Head on My Shoulder,1959,1950s,Pop,international,spotify:track:7eqNATKM78MkWP6aHGXHEV
Ritchie Valens,La Bamba,1958,1950s,Rock & Roll,international,spotify:track:2aEeghgUcnu75tzcolFMfs
The Everly Brothers,Wake Up Little Susie,1957,1950s,Pop,international,spotify:track:1XpOnEXqYC9QeNLmxq9pdb
The Everly Brothers,All I Have to Do Is Dream,1958,1950s,Pop,international,spotify:track:2DjuzUabhcgyREWz2O7P8r
Ray Charles,What'd I Say,1959,1950s,Soul / R&B,international,spotify:track:6h4rAPuTPv0iAI1NaF2SRL
Ray Charles,Hit the Road Jack,1961,1960s,Soul / R&B,international,spotify:track:4yrRf3zWNjM7TD7TnIBiMX
Sam Cooke,Wonderful World,1960,1960s,Soul / R&B,international,spotify:track:6TxNV6BDYtpcw2LWADvHL8
Sam Cooke,A Change Is Gonna Come,1964,1960s,Soul / R&B,international,spotify:track:0YfOnJWqmAKaUvEL1QcNop
Chubby Checker,The Twist,1960,1960s,Pop,international,spotify:track:6DSvUZQdqtNfkJI4cAiUsM
Chubby Checker,Let's Twist Again,1961,1960s,Pop,international,spotify:track:1INWPr855fwWdAOeecbu0W
Roy Orbison,"Oh, Pretty Woman",1964,1960s,Pop,international,spotify:track:48i055G1OT5KxGGftwFxWy
Roy Orbison,Only the Lonely,1960,1960s,Pop,international,spotify:track:4HO7aDntELp7qjXCJaAADf
Del Shannon,Runaway,1961,1960s,Pop,international,spotify:track:45Szkclj1lt4ubm7RFK68t
The Tokens,The Lion Sleeps Tonight,1961,1960s,Pop,international,spotify:track:4x6QL8zCkeKRlRx05NBPQh
The Beach Boys,Surfin' U.S.A.,1963,1960s,Pop,international,spotify:track:0wz1LjDb9ZNEYwOmDJ3Q4b
The Beach Boys,I Get Around,1964,1960s,Pop,international,spotify:track:6ZF1wsJEbWIv5wERVobR3m
The Beach Boys,California Girls,1965,1960s,Pop,international,spotify:track:6bJuuCtXYiwOcKT9s8uRh8
The Beach Boys,Good Vibrations,1966,1960s,Pop,international,spotify:track:5t9KYe0Fhd5cW6UYT4qP8f
The Beatles,Love Me Do,1962,1960s,Pop,international,spotify:track:3VbGCXWRiouAq8VyMYN2MI
The Beatles,She Loves You,1963,1960s,Pop,international,spotify:track:48JM82SHQTBYkhEYhMaOaa
The Beatles,I Want to Hold Your Hand,1963,1960s,Pop,international,spotify:track:5Qe7NHxeLAn8KoLTNLSdwe
The Beatles,A Hard Day's Night,1964,1960s,Pop,international,spotify:track:5J2CHimS7dWYMImCHkEFaJ
The Beatles,Help!,1965,1960s,Pop,international,spotify:track:7DD7eSuYSC5xk2ArU62esN
The Beatles,Yesterday,1965,1960s,Pop,international,spotify:track:3BQHpFgAp4l80e1XslIjNI
The Beatles,Ticket to Ride,1965,1960s,Pop,international,spotify:track:7CZiDzGVjUssMSOXrDNYHL
The Beatles,Day Tripper,1965,1960s,Rock,international,spotify:track:3hNUYt4dMM9RhcWmty8oKF
The Beatles,Eleanor Rigby,1966,1960s,Pop,international,spotify:track:5GjPQ0eI7AgmOnADn1EO6Q
The Beatles,Yellow Submarine,1966,1960s,Pop,international,spotify:track:50xwQXPtfNZFKFeZ0XePWc
The Beatles,Penny Lane,1967,1960s,Pop,international,spotify:track:1sjmKmR4u9xDeJHjDCn2bZ
The Beatles,All You Need Is Love,1967,1960s,Pop,international,spotify:track:68BTFws92cRztMS1oQ7Ewj
The Beatles,Come Together,1969,1960s,Rock,international,spotify:track:2EqlS6tkEnglzr7tkKAAYD
The Beatles,Here Comes the Sun,1969,1960s,Pop,international,spotify:track:6dGnYIeXmHdcikdzNNDMm2
The Rolling Stones,"Paint It, Black",1966,1960s,Rock,international,spotify:track:63T7DJ1AFDD6Bn8VzG6JE8
The Rolling Stones,Ruby Tuesday,1967,1960s,Rock,international,spotify:track:4hupcimlg3UBbW1kAQ6vrT
The Rolling Stones,Jumpin' Jack Flash,1968,1960s,Rock,international,spotify:track:1uBsu3PbD2909UBIfEMLvK
The Rolling Stones,Honky Tonk Women,1969,1960s,Rock,international,spotify:track:3fnPv1LRMxENr63afVhaz1
The Kinks,You Really Got Me,1964,1960s,Rock,international,spotify:track:6tZdL3Zp8JgrfDbsSeSV1S
The Kinks,All Day and All of the Night,1964,1960s,Rock,international,spotify:track:1mfV2kv9RwFKVI8kEQlmOJ
The Kinks,Waterloo Sunset,1967,1960s,Rock,international,spotify:track:3G0EALIIp5DAeIERxXBHmo
The Who,My Generation,1965,1960s,Rock,international,spotify:track:2EMmHEhCZSMMEM85HTFJvj
The Who,Pinball Wizard,1969,1960s,Rock,international,spotify:track:6LbbHFEajG9e4m0G3L47c4
The Animals,Don't Let Me Be Misunderstood,1965,1960s,Rock,international,spotify:track:0KpTFH1SzexN8SGc0GPILC
The Mamas & the Papas,"Monday, Monday",1966,1960s,Pop,international,spotify:track:3EFb1qDgIqf9MegIryKtDj
Simon & Garfunkel,Mrs. Robinson,1968,1960s,Folk / Pop,international,spotify:track:6iKSKHgjyeDhD8iisd4PLL
Simon & Garfunkel,The Boxer,1969,1960s,Folk / Pop,international,spotify:track:76TZCvJ8GitQ2FA1q5dKu0
Bob Dylan,Blowin' in the Wind,1963,1960s,Folk,international,spotify:track:18GiV1BaXzPVYpp9rmOg0E
Bob Dylan,The Times They Are a-Changin',1964,1960s,Folk,international,spotify:track:52vA3CYKZqZVdQnzRrdZt6
Bob Dylan,Like a Rolling Stone,1965,1960s,Folk / Rock,international,spotify:track:3AhXZa8sUQht0UEdBJgpGc
The Byrds,Mr. Tambourine Man,1965,1960s,Folk / Rock,international,spotify:track:2HCaIYjkvWSZzaSKUoOh3d
The Byrds,Turn! Turn! Turn!,1965,1960s,Folk / Rock,international,spotify:track:19PyKZXnnCvousOTU1Mwfi
The Doors,Light My Fire,1967,1960s,Rock,international,spotify:track:5uvosCdMlFdTXhoazkTI5R
The Doors,People Are Strange,1967,1960s,Rock,international,spotify:track:1Jmqubf9kGkWeYQXQKImL5
The Doors,"Hello, I Love You",1968,1960s,Rock,international,spotify:track:3bWGaqVeYKMlLss40mPgNn
Jimi Hendrix,Purple Haze,1967,1960s,Rock,international,spotify:track:0wJoRiX5K5BxlqZTolB2LD
Jimi Hendrix,Hey Joe,1966,1960s,Rock,international,spotify:track:0NWPxcsf5vdjdiFUI8NgkP
Cream,Sunshine of Your Love,1967,1960s,Rock,international,spotify:track:6FRwDxXsvSasw0y2eDArsz
Cream,White Room,1968,1960s,Rock,international,spotify:track:3Xls4cNOwy01dtrNXb1inG
Creedence Clearwater Revival,Proud Mary,1969,1960s,Rock,international,spotify:track:6pxWv6GV35VGmcPf5dh6CH
Creedence Clearwater Revival,Bad Moon Rising,1969,1960s,Rock,international,spotify:track:20OFwXhEXf12DzwXmaV7fj
Jefferson Airplane,Somebody to Love,1967,1960s,Rock,international,spotify:track:4uGIJG1jYFonGc4LGp5uQL
Jefferson Airplane,White Rabbit,1967,1960s,Rock,international,spotify:track:4vpeKl0vMGdAXpZiQB2Dtd
Steppenwolf,Born to Be Wild,1968,1960s,Rock,international,spotify:track:3lN8PP6R2IxbLP05QpYXng
Procol Harum,A Whiter Shade of Pale,1967,1960s,Rock,international,spotify:track:2ECReVEeiSQk8zpC9TRAwx
The Troggs,Wild Thing,1966,1960s,Rock,international,spotify:track:4dro1XLNLqiF0nNdorDEzb
The Monkees,I'm a Believer,1966,1960s,Pop,international,spotify:track:3G7tRC24Uh09Hmp1KZ7LQ2
The Monkees,Last Train to Clarksville,1966,1960s,Pop,international,spotify:track:3dgyDSKfzaNBtlZuUxc8IW
The Supremes,Where Did Our Love Go,1964,1960s,Soul / R&B,international,spotify:track:69RH84na5iUNwrwxpgjC5j
The Supremes,Baby Love,1964,1960s,Soul / R&B,international,spotify:track:5uES1C2NgkdrNHiCwf9jRr
The Supremes,You Can't Hurry Love,1966,1960s,Soul / R&B,international,spotify:track:1OppEieGNdItZbE14gLBEv
The Temptations,Ain't Too Proud to Beg,1966,1960s,Soul / R&B,international,spotify:track:7w8YSuX9fhYUQNwfO8kEBX
Four Tops,"I Can't Help Myself (Sugar Pie, Honey Bunch)",1965,1960s,Soul / R&B,international,spotify:track:6b6IMqP565TbtFFZg9iFf3
Marvin Gaye,I Heard It Through the Grapevine,1968,1960s,Soul / R&B,international,spotify:track:1tqT6DhmsrtQgyCKUwotiw
Marvin Gaye & Tammi Terrell,Ain't No Mountain High Enough,1967,1960s,Soul / R&B,international,spotify:track:7tqhbajSfrz2F7E1Z75ASX
Aretha Franklin,(You Make Me Feel Like) A Natural Woman,1967,1960s,Soul / R&B,international,spotify:track:5K09WxKdlkroDyEVyOSySy
Otis Redding,(Sittin' On) The Dock of the Bay,1968,1960s,Soul / R&B,international,spotify:track:4Y4Gd3ty8uut6Qw43c7yJc
James Brown,I Got You (I Feel Good),1965,1960s,Soul / Funk,international,spotify:track:3W6tpkLXqOP5CApUCbKm1Z
Wilson Pickett,In the Midnight Hour,1965,1960s,Soul / R&B,international,spotify:track:4NRQwaks9r58tTDvr4iEyv
Percy Sledge,When a Man Loves a Woman,1966,1960s,Soul / R&B,international,spotify:track:51FpzuGkRYXFgsE2zXt9av
The Foundations,Build Me Up Buttercup,1968,1960s,Pop,international,spotify:track:2z85sg6Bee9QltYdQ5LHql
Dusty Springfield,Son of a Preacher Man,1968,1960s,Pop,international,spotify:track:6ek9SiEj5a65WIs2EV7qiM
Nancy Sinatra,These Boots Are Made for Walkin',1966,1960s,Pop,international,spotify:track:2PneNdtypG6XcgmWmGd9FI
Frank Sinatra,Strangers in the Night,1966,1960s,Pop,international,spotify:track:74VR3AkGPhbYXnxcOYa16x
Frank Sinatra,My Way,1969,1960s,Pop,international,spotify:track:3spdoTYpuCpmq19tuD0bOe
Tom Jones,It's Not Unusual,1965,1960s,Pop,international,spotify:track:3TlIt0ReIxPsVZcOEivT5U
Tom Jones,Delilah,1968,1960s,Pop,international,spotify:track:2v8B8d17Xxu9uLU5sNiHSL
Neil Diamond,Sweet Caroline,1969,1960s,Pop,international,spotify:track:62AuGbAkt8Ox2IrFFb8GKV
George Harrison,My Sweet Lord,1970,1970s,Pop,international,spotify:track:0KZodeWxqxd88F9wY1cqgs
Paul McCartney & Wings,Live and Let Die,1973,1970s,Rock,international,spotify:track:0VV8wkOM4w78A2OHZOTzNP
Paul McCartney & Wings,Band on the Run,1973,1970s,Rock,international,spotify:track:1H4idkmruFoJBg1DvUv2tY
Elton John,Your Song,1970,1970s,Pop,international,spotify:track:38zsOOcu31XbbYj9BIPUF1
Elton John,Rocket Man,1972,1970s,Pop,international,spotify:track:1XaFmFCXmDDLB0dd6rPLse
Elton John,Goodbye Yellow Brick Road,1973,1970s,Pop,international,spotify:track:4IRHwIZHzlHT1FQpRa5RdE
Elton John,Bennie and the Jets,1973,1970s,Pop,international,spotify:track:5Wj1rJnCLpMHdLaxsFtJLs
Elton John,Don't Go Breaking My Heart,1976,1970s,Pop,international,spotify:track:7HW5WIw7ZgZORCzUxv5gW5
David Bowie,Changes,1971,1970s,Rock,international,spotify:track:3HlOk3Iy7vkOfROwBbJqfx
David Bowie,The Jean Genie,1972,1970s,Rock,international,spotify:track:6uZtMNTfU5u8w6fsnXeOdb
David Bowie,Rebel Rebel,1974,1970s,Rock,international,spotify:track:2EC9IJj7g0mN1Q5VrZkiYY
David Bowie,Heroes,1977,1970s,Rock,international,spotify:track:7Jh1bpe76CNTCgdgAdBw4Z
Queen,Killer Queen,1974,1970s,Rock,international,spotify:track:46L5lm1Xzwr0TExEMpObtq
Queen,You're My Best Friend,1975,1970s,Rock,international,spotify:track:46gybz6M2g4oiVvt1aWOV4
Queen,Somebody to Love,1976,1970s,Rock,international,spotify:track:18OMrZoyyZuVy06FttIFhq
Queen,We Will Rock You,1977,1970s,Rock,international,spotify:track:2ELSVi4kwWOXgxiIC592tJ
Queen,We Are the Champions,1977,1970s,Rock,international,spotify:track:0saBeiGcu2dECTvAknHPzL
Queen,Don't Stop Me Now,1978,1970s,Rock,international,spotify:track:1NHWG8zxSEypSRF3UufrnO
Led Zeppelin,Immigrant Song,1970,1970s,Rock,international,spotify:track:78lgmZwycJ3nzsdgmPPGNx
Led Zeppelin,Black Dog,1971,1970s,Rock,international,spotify:track:3qT4bUD1MaWpGrTwcvguhb
Led Zeppelin,Stairway to Heaven,1971,1970s,Rock,international,spotify:track:5CQ30WqJwcep0pYcV4AMNc
Led Zeppelin,Rock and Roll,1971,1970s,Rock,international,spotify:track:4PRGxHpCpF2yoOHYKQIEwD
Led Zeppelin,Kashmir,1975,1970s,Rock,international,spotify:track:6Vjk8MNXpQpi0F4BefdTyq
Deep Purple,Smoke on the Water,1972,1970s,Rock,international,spotify:track:5MMnwYs0hIxkENRsbkWJ2G
Deep Purple,Highway Star,1972,1970s,Rock,international,spotify:track:3uMmllZo1AfoEnVT4ENCD3
Black Sabbath,Paranoid,1970,1970s,Rock,international,spotify:track:3Jnxngdff0lVu2rza1GVx6
Black Sabbath,Iron Man,1970,1970s,Rock,international,spotify:track:0vJYFKg9z1IvZiQUyX19cD
Black Sabbath,War Pigs,1970,1970s,Rock,international,spotify:track:6TYQRlRci6AkVrN9a5C7ne
Pink Floyd,Money,1973,1970s,Rock,international,spotify:track:0vFOzaXqZHahrZp6enQwQb
Pink Floyd,Wish You Were Here,1975,1970s,Rock,international,spotify:track:6mFkJmJqdDVQ1REhVfGgd1
Pink Floyd,"Another Brick in the Wall, Pt. 2",1979,1970s,Rock,international,spotify:track:4gMgiXfqyzZLMhsksGmbQV
Fleetwood Mac,Rhiannon,1975,1970s,Rock,international,spotify:track:05oETzWbd4SI33qK2gbJfR
Fleetwood Mac,Go Your Own Way,1976,1970s,Rock,international,spotify:track:07GvNcU1WdyZJq3XxP0kZa
Fleetwood Mac,Dreams,1977,1970s,Rock,international,spotify:track:0ofHAoxe9vBkTCp2UQIavz
Eagles,Take It Easy,1972,1970s,Rock,international,spotify:track:4yugZvBYaoREkJKtbG08Qr
Eagles,Desperado,1973,1970s,Rock,international,spotify:track:2TjnCxxQRYn56Ye8gkUKiW
Eagles,New Kid in Town,1976,1970s,Rock,international,spotify:track:5MC3xdlx9DFop1Y4J1yDbE
Boston,More Than a Feeling,1976,1970s,Rock,international,spotify:track:1QEEqeFIZktqIpPI4jSVSF
Kansas,Carry on Wayward Son,1976,1970s,Rock,international,spotify:track:4DMKwE2E2iYDKY01C335Uw
Blue Öyster Cult,(Don't Fear) The Reaper,1976,1970s,Rock,international,spotify:track:5QTxFnGygVM4jFQiBovmRo
Foreigner,Cold as Ice,1977,1970s,Rock,international,spotify:track:7vidktgNZFQylTgH1GEnMs
Foreigner,Hot Blooded,1978,1970s,Rock,international,spotify:track:6xMHglHoafdDFGXS6qfwSH
Dire Straits,Sultans of Swing,1978,1970s,Rock,international,spotify:track:37Tmv4NnfQeb0ZgUC4fOJj
Supertramp,The Logical Song,1979,1970s,Rock,international,spotify:track:5Z4EgTCCoObfO1WfrvrQ9v
Supertramp,Breakfast in America,1979,1970s,Rock,international,spotify:track:72hA6rKUIc8sI2Bb0eB7AY
The Clash,London Calling,1979,1970s,Rock,international,spotify:track:124Y9LPRCAz3q2OP0iCvcJ
The Clash,Should I Stay or Should I Go,1982,1980s,Rock,international,spotify:track:39shmbIHICJ2Wxnk1fPSdz
Ramones,Blitzkrieg Bop,1976,1970s,Rock,international,spotify:track:5eKIGC6kIEfKfzTzet3sOl
Sex Pistols,Anarchy in the U.K.,1976,1970s,Rock,international,spotify:track:5moTxUGPZXgGmosl4rIELm
Sex Pistols,God Save the Queen,1977,1970s,Rock,international,spotify:track:2mHchPRtQWet3iIS3jANr1
AC/DC,T.N.T.,1975,1970s,Rock,international,spotify:track:7LRMbd3LEoV5wZJvXT1Lwb
AC/DC,Dirty Deeds Done Dirt Cheap,1976,1970s,Rock,international,spotify:track:2d4e45fmUnguxh6yqC7gNT
AC/DC,Highway to Hell,1979,1970s,Rock,international,spotify:track:2zYzyRzz6pRmhPzyfMEC8s
Aerosmith,Dream On,1973,1970s,Rock,international,spotify:track:5Ih9gbqyxCzTJ43nuSuKnC
Aerosmith,Walk This Way,1975,1970s,Rock,international,spotify:track:4JfuiOWlWCkjP6OKurHjSn
KISS,Rock and Roll All Nite,1975,1970s,Rock,international,spotify:track:1Buwv1iql0YsxftE5LHIgq
Lynyrd Skynyrd,Sweet Home Alabama,1974,1970s,Rock,international,spotify:track:7e89621JPkKaeDSTQ3avtg
Lynyrd Skynyrd,Free Bird,1973,1970s,Rock,international,spotify:track:5EWPGh7jbTNO2wakv8LjUI
Bruce Springsteen,Born to Run,1975,1970s,Rock,international,spotify:track:6hTcuIQa0sxrrByu9wTD7s
Bruce Springsteen,Thunder Road,1975,1970s,Rock,international,spotify:track:56lhDZNQ5J47aog6mGKeGk
Billy Joel,Piano Man,1973,1970s,Pop,international,spotify:track:70C4NyhjD5OZUMzvWZ3njJ
Billy Joel,Just the Way You Are,1977,1970s,Pop,international,spotify:track:49MHCPzvMLXhRjDantBMVH
Billy Joel,My Life,1978,1970s,Pop,international,spotify:track:4ZoBC5MhSEzuknIgAkBaoT
Rod Stewart,Maggie May,1971,1970s,Pop,international,spotify:track:6rovOdp3HgK1DeAMYDzoA7
Rod Stewart,Da Ya Think I'm Sexy?,1978,1970s,Pop,international,spotify:track:4z7maGZkAonDlXlwo8q69f
Cat Stevens,Wild World,1970,1970s,Folk / Pop,international,spotify:track:7mjSHL2Eb0kAwiKbvNNyD9
Cat Stevens,Father and Son,1970,1970s,Folk / Pop,international,spotify:track:476V2d6iA2tWXgQboKmTtA
Carole King,It's Too Late,1971,1970s,Pop,international,spotify:track:12q3V8ShACq2PSWINMc2rC
Carole King,You've Got a Friend,1971,1970s,Pop,international,spotify:track:1qhp5owrFGeZ5Jgin28nwR
Don McLean,American Pie,1971,1970s,Folk / Pop,international,spotify:track:2QgWuCtBpNIpl5trmKCxRf
Harry Nilsson,Without You,1971,1970s,Pop,international,spotify:track:6MrILERJLA3Jcq0E9poZsp
Gilbert O'Sullivan,Alone Again (Naturally),1972,1970s,Pop,international,spotify:track:54pvEYFocTlvIAQOfXSjqV
T. Rex,Get It On,1971,1970s,Rock,international,spotify:track:0LoQuiekvzqx7n8flgEKzF
T. Rex,Hot Love,1971,1970s,Rock,international,spotify:track:3Kl10efpd4J1rb8wnJD4MH
Slade,Cum On Feel the Noize,1973,1970s,Rock,international,spotify:track:5ePlRY3BWAYIgkb4B68yA7
Sweet,Ballroom Blitz,1973,1970s,Rock,international,spotify:track:6k6j3ZUljY1QLTMbc8VqB0
Sweet,Fox on the Run,1975,1970s,Rock,international,spotify:track:4yJZP61jBhVTesHBZ0gpQn
Electric Light Orchestra,Mr. Blue Sky,1977,1970s,Pop / Rock,international,spotify:track:2RlgNHKcydI9sayD2Df2xp
Electric Light Orchestra,Livin' Thing,1976,1970s,Pop / Rock,international,spotify:track:2hdNya0b6Cc2YJ8IyaQIWp
Steve Miller Band,The Joker,1973,1970s,Rock,international,spotify:track:1bp2IO61zbQrbWNmKKxg3f
Steve Miller Band,Fly Like an Eagle,1976,1970s,Rock,international,spotify:track:3e0FzZjTXOUtiJGSClOBrI
Steve Miller Band,Rock'n Me,1976,1970s,Rock,international,spotify:track:1orVKbp6vqtfAPOmvRofVq
Santana,Black Magic Woman,1970,1970s,Rock,international,spotify:track:4nmne9J3YCEdhvjTzwiAgu
Santana,Oye Como Va,1970,1970s,Rock,international,spotify:track:5u6y4u5EgDv0peILf60H5t
Steely Dan,Reelin' in the Years,1972,1970s,Rock,international,spotify:track:1x1XQqhBViz4opcpwc7FVs
Golden Earring,Radar Love,1973,1970s,Rock,international,spotify:track:5tU9JM1v72X7oM808Am6Fq
The Knack,My Sharona,1979,1970s,Rock,international,spotify:track:1HOMkjp0nHMaTnfAkslCQj
Blondie,Heart of Glass,1978,1970s,Pop / Rock,international,spotify:track:4v2rkl1mC3zVAz0nXMx9r4
Blondie,One Way or Another,1978,1970s,Pop / Rock,international,spotify:track:59CLe8stbcx4XYBWdsfbwK
The Police,Roxanne,1978,1970s,Rock,international,spotify:track:3EYOJ48Et32uATr9ZmLnAo
The Police,Message in a Bottle,1979,1970s,Rock,international,spotify:track:1oYYd2gnWZYrt89EBXdFiO
ABBA,Waterloo,1974,1970s,Pop,international,spotify:track:3Dy4REq8O09IlgiwuHQ3sk
ABBA,SOS,1975,1970s,Pop,international,spotify:track:6yZv0Nl6BXABbXoPVpfF5y
ABBA,"Knowing Me, Knowing You",1976,1970s,Pop,international,spotify:track:798cuJeotvXP8UVa8GJPnD
ABBA,Take a Chance on Me,1977,1970s,Pop,international,spotify:track:5BckPAYcKEJuYs1eV1BHHe
Bee Gees,How Deep Is Your Love,1977,1970s,Disco / Pop,international,spotify:track:0qp2BkreL7bxaFdc25VihQ
Donna Summer,Love to Love You Baby,1975,1970s,Disco,international,spotify:track:6Szw3sQC5Zssr15AJsUY9J
Donna Summer,I Feel Love,1977,1970s,Disco,international,spotify:track:1vCBk33l9HaWp5FOnhSGxk
Donna Summer,Hot Stuff,1979,1970s,Disco,international,spotify:track:3a1Y3KQlBpgwHfvk7psrEH
"Earth, Wind & Fire",Boogie Wonderland,1979,1970s,Disco / Funk,international,spotify:track:6ztstiyZL6FXzh4aG46ZPD
Chic,Le Freak,1978,1970s,Disco / Funk,international,spotify:track:7Kszjzps0xbQXyo1pO4KfE
Chic,Good Times,1979,1970s,Disco / Funk,international,spotify:track:0G3fbPbE1vGeABDEZF0jeG
Sister Sledge,We Are Family,1979,1970s,Disco,international,spotify:track:5IKLwqBQG6KU6MP2zP80Nu
Village People,In the Navy,1979,1970s,Disco,international,spotify:track:6bsmFnY2fYksNwQ9G2Q0k9
Boney M.,Rasputin,1978,1970s,Disco,international,spotify:track:5jkFvD4UJrmdoezzT1FRoP
Boney M.,Rivers of Babylon,1978,1970s,Disco,international,spotify:track:78His8pbKjbDQF7aX5asgv
KC and the Sunshine Band,That's the Way (I Like It),1975,1970s,Disco,international,spotify:track:3PR79C1jVvLLLmgdyHkXl3
KC and the Sunshine Band,Give It Up,1983,1980s,Disco,international,spotify:track:6yoa7L6BlqYqBHlLL96j6k
The Trammps,Disco Inferno,1976,1970s,Disco,international,spotify:track:5jUA1njy3h6ynHLvPdEVHt
The Jacksons,Blame It on the Boogie,1978,1970s,Disco / Funk,international,spotify:track:3qI94hINNNeb4S7xQi18lS
Wild Cherry,Play That Funky Music,1976,1970s,Funk,international,spotify:track:5uuJruktM9fMdN9Va0DUMl
Commodores,Easy,1977,1970s,Soul / R&B,international,spotify:track:1JQ6Xm1JrvHfvAqhl5pwaA
Commodores,Three Times a Lady,1978,1970s,Soul / R&B,international,spotify:track:0XNeANPI5Ru5u6gmmunWdS
Marvin Gaye,What's Going On,1971,1970s,Soul / R&B,international,spotify:track:3Um9toULmYFGCpvaIPFw7l
Marvin Gaye,Let's Get It On,1973,1970s,Soul / R&B,international,spotify:track:627teoJpK7qZOxRRY8TNnv
Al Green,Let's Stay Together,1971,1970s,Soul / R&B,international,spotify:track:63xdwScd1Ai1GigAwQxE8y
Bill Withers,Ain't No Sunshine,1971,1970s,Soul / R&B,international,spotify:track:1k1Bqnv2R0uJXQN4u6LKYt
Bill Withers,Lean on Me,1972,1970s,Soul / R&B,international,spotify:track:3M8FzayQWtkvOhqMn2V4T2
Stevie Wonder,Superstition,1972,1970s,Soul / Funk,international,spotify:track:4N0TP4Rmj6QQezWV88ARNJ
Stevie Wonder,You Are the Sunshine of My Life,1972,1970s,Soul / R&B,international,spotify:track:0n2pjCIMKwHSXoYfEbYMfX
Stevie Wonder,Sir Duke,1976,1970s,Soul / Funk,international,spotify:track:4pNiE4LCVV74vfIBaUHm1b
Stevie Wonder,Isn't She Lovely,1976,1970s,Soul / R&B,international,spotify:track:3NlLmKBJozwoi0k03Feb1N
Barry White,"You're the First, the Last, My Everything",1974,1970s,Soul / R&B,international,spotify:track:5dXJ1SoksFkgdx3yxIoYNO
The O'Jays,Love Train,1972,1970s,Soul / R&B,international,spotify:track:28285KFbyCq8sJofn58qlD
Thelma Houston,Don't Leave Me This Way,1976,1970s,Disco,international,spotify:track:51qi5dgc9CsotM87GmRkAX
M,Pop Muzik,1979,1970s,New Wave,international,spotify:track:5OUviOx2Bbuhq5UyQDuQrd
Queen,Crazy Little Thing Called Love,1979,1970s,Rock,international,spotify:track:7uON6DWIjXgmLQIfGsWXpV
Queen,Under Pressure,1981,1980s,Rock,international,spotify:track:5oybkyECAyGaDxYLUCPjFh
Queen,Radio Ga Ga,1984,1980s,Rock,international,spotify:track:6N717o83wbmahFGUqkjQj7
Queen,I Want to Break Free,1984,1980s,Rock,international,spotify:track:3SfwhRb2CzGGuyUYF64wYR
Queen,A Kind of Magic,1986,1980s,Rock,international,spotify:track:68Fa3IMF05Rj9lX3TRJepp
Queen,The Show Must Go On,1991,1990s,Rock,international,spotify:track:4GHk8YtewHGbk6HsVJ0mcT
Michael Jackson,Don't Stop 'Til You Get Enough,1979,1970s,Pop,international,spotify:track:46eu3SBuFCXWsPT39Yg3tJ
Michael Jackson,Rock with You,1979,1970s,Pop,international,spotify:track:7oOOI85fVQvVnK5ynNMdW7
Michael Jackson,Beat It,1982,1980s,Pop,international,spotify:track:3BovdzfaX4jb5KFQwoPfAw
Michael Jackson,Thriller,1982,1980s,Pop,international,spotify:track:2LlQb7Uoj1kKyGhlkBf9aC
Michael Jackson,Wanna Be Startin' Somethin',1982,1980s,Pop,international,spotify:track:1hu2s7qkm5bo03eODpRQO3
Michael Jackson,Human Nature,1982,1980s,Pop,international,spotify:track:4cgjA7B4fJBHyB9Ya2bu0t
Michael Jackson,Bad,1987,1980s,Pop,international,spotify:track:2gSNBigeWMVtY3QBIvPAEc
Michael Jackson,The Way You Make Me Feel,1987,1980s,Pop,international,spotify:track:3Mc2wTPR6atdR1IKgBNYQm
Michael Jackson,Man in the Mirror,1987,1980s,Pop,international,spotify:track:3c7Ctlw9MKlIQPxRH3fOTt
Michael Jackson,Smooth Criminal,1987,1980s,Pop,international,spotify:track:5T7ywazdGIydr6JCW6t02j
Madonna,Holiday,1983,1980s,Pop,international,spotify:track:3ibAzRj9JnowdoLkyllk3n
Madonna,Material Girl,1984,1980s,Pop,international,spotify:track:0e1VL3FZmkgjKQ7wNmIHNc
Madonna,Into the Groove,1985,1980s,Pop,international,spotify:track:3y2Y3Bc6GDxAWAMIpbW7RU
Madonna,Papa Don't Preach,1986,1980s,Pop,international,spotify:track:6A8OnjnpShshNpcqWtZRjr
Madonna,La Isla Bonita,1986,1980s,Pop,international,spotify:track:6r8k1vznHrzlEKYxL4dZEe
Madonna,Like a Prayer,1989,1980s,Pop,international,spotify:track:2v7ywbUzCgcVohHaKUcacV
Prince,Little Red Corvette,1982,1980s,Pop / Rock,international,spotify:track:4iozhXt27eMl39W5z7R8H6
Prince,When Doves Cry,1984,1980s,Pop / Rock,international,spotify:track:6sby78fghipoXHQLeeZFFH
Prince,Purple Rain,1984,1980s,Pop / Rock,international,spotify:track:1uvyZBs4IZYRebHIB1747m
Prince,Kiss,1986,1980s,Pop / Funk,international,spotify:track:62LJFaYihsdVrrkgUOJC05
Whitney Houston,How Will I Know,1985,1980s,Pop,international,spotify:track:5tdKaKLnC4SgtDZ6RlWeal
Whitney Houston,Greatest Love of All,1985,1980s,Pop,international,spotify:track:6yJxCltgtmGxIgKOS6ndnu
Whitney Houston,So Emotional,1987,1980s,Pop,international,spotify:track:4l2Edgdj4vla02GCh7YyAv
Cyndi Lauper,Time After Time,1983,1980s,Pop,international,spotify:track:7o9uu2GDtVDr9nsR7ZRN73
Cyndi Lauper,True Colors,1986,1980s,Pop,international,spotify:track:2A6yzRGMgSQCUapR2ptm6A
Tina Turner,What's Love Got to Do with It,1984,1980s,Pop,international,spotify:track:3ErsOxqe2RmXkR65wkygDz
Tina Turner,Private Dancer,1984,1980s,Pop,international,spotify:track:5JjdJK0uGRUk4skRTuQdUZ
Tina Turner,The Best,1989,1980s,Pop,international,spotify:track:6pPWRBubXOBAHnjl5ZIujB
Bonnie Tyler,Holding Out for a Hero,1984,1980s,Pop / Rock,international,spotify:track:3qE6p9fN4YeILT0cQcY1cD
Laura Branigan,Gloria,1982,1980s,Pop,international,spotify:track:1mskmld5ZKEhRaNvYVPoqZ
Laura Branigan,Self Control,1984,1980s,Pop,international,spotify:track:4JsQkSOE4taeyhH3pv1een
Kim Wilde,Kids in America,1981,1980s,Pop,international,spotify:track:3LaHsdzzmvhx6TJedpomVy
Kim Wilde,You Keep Me Hangin' On,1986,1980s,Pop,international,spotify:track:1wEeNtO7z41aUqC80shxqK
Belinda Carlisle,Heaven Is a Place on Earth,1987,1980s,Pop,international,spotify:track:1ryT9eOWD1JuxPD5ew53SJ
Irene Cara,Flashdance... What a Feeling,1983,1980s,Pop,international,spotify:track:3cbV252akVZInSvJk7jAYX
Kenny Loggins,Footloose,1984,1980s,Pop / Rock,international,spotify:track:6W2VbtvMrDXm5vYeB7amkO
Ray Parker Jr.,Ghostbusters,1984,1980s,Pop,international,spotify:track:6thXB4RmajS4oZPNiBAKy0
Bon Jovi,You Give Love a Bad Name,1986,1980s,Rock,international,spotify:track:0rmGAIH9LNJewFw7nKzZnc
Bon Jovi,Wanted Dead or Alive,1986,1980s,Rock,international,spotify:track:0oerlffJSzhRVvtDfLcp3N
Bon Jovi,Bad Medicine,1988,1980s,Rock,international,spotify:track:72hcFp4tYkd3dbNA9dZ3Pv
Guns N' Roses,Welcome to the Jungle,1987,1980s,Rock,international,spotify:track:0G21yYKMZoHa30cYVi1iA8
Guns N' Roses,Paradise City,1987,1980s,Rock,international,spotify:track:6eN1f9KNmiWEhpE2RhQqB5
Def Leppard,Pour Some Sugar on Me,1987,1980s,Rock,international,spotify:track:1aZLIbKEdsyqxyD6iNcrbA
Def Leppard,Hysteria,1987,1980s,Rock,international,spotify:track:2PFIZFcGry0po3ZfRZkzKc
Van Halen,Jump,1984,1980s,Rock,international,spotify:track:7N3PAbqfTjSEU1edb2tY8j
Van Halen,Panama,1984,1980s,Rock,international,spotify:track:05RgAMGypEvqhNs5hPCbMS
Journey,Don't Stop Believin',1981,1980s,Rock,international,spotify:track:5RKQ5NdjSh2QzD4MaunT91
Journey,Open Arms,1981,1980s,Rock,international,spotify:track:29vqBtjJTBLS1f8dKJS4Ht
Foreigner,I Want to Know What Love Is,1984,1980s,Rock,international,spotify:track:1JLn8RhQzHz3qDqsChcmBl
REO Speedwagon,Keep on Loving You,1980,1980s,Rock,international,spotify:track:4rcHWl68ai6KvpXlc8vbnE
REO Speedwagon,Can't Fight This Feeling,1984,1980s,Rock,international,spotify:track:5WwqdeavrQrbeAMDxGawse
Bryan Adams,Run to You,1984,1980s,Rock,international,spotify:track:2RWFncSWZEhSRRifqiDNVV
Bryan Adams,Heaven,1984,1980s,Rock,international,spotify:track:7Ewz6bJ97vUqk5HdkvguFQ
Bruce Springsteen,Hungry Heart,1980,1980s,Rock,international,spotify:track:1KsI8NEeAna8ZIdojI3FiT
Bruce Springsteen,Dancing in the Dark,1984,1980s,Rock,international,spotify:track:7FwBtcecmlpc1sLySPXeGE
Bruce Springsteen,Born in the U.S.A.,1984,1980s,Rock,international,spotify:track:0dOg1ySSI7NkpAe89Zo0b9
Bruce Springsteen,I'm on Fire,1984,1980s,Rock,international,spotify:track:3PzsbWSQdLCKDLxn7YZfkM
Dire Straits,Romeo and Juliet,1980,1980s,Rock,international,spotify:track:0PNt5WTw092eED0ru9SuIp
Dire Straits,Money for Nothing,1985,1980s,Rock,international,spotify:track:3BaNanHZ2T0teccVmgufO9
Dire Straits,Walk of Life,1985,1980s,Rock,international,spotify:track:154AZOF93u68bEVcuAIBAN
U2,Sunday Bloody Sunday,1983,1980s,Rock,international,spotify:track:6C4LXC9UFH1IKiHYOp0BiJ
U2,Pride (In the Name of Love),1984,1980s,Rock,international,spotify:track:24rv66H94QGVqIXHjA3kn6
U2,With or Without You,1987,1980s,Rock,international,spotify:track:6ADSaE87h8Y3lccZlBJdXH
U2,I Still Haven't Found What I'm Looking For,1987,1980s,Rock,international,spotify:track:6wpGqhRvJGNNXwWlPmkMyO
U2,Where the Streets Have No Name,1987,1980s,Rock,international,spotify:track:2TlXPShOrPn4K51fP0Fykd
The Police,Don't Stand So Close to Me,1980,1980s,Rock,international,spotify:track:5veJDT0MLsLbhYsx42GXUD
The Police,Every Little Thing She Does Is Magic,1981,1980s,Rock,international,spotify:track:44aTAUBF0g6sMkMNE8I5kd
The Police,Every Breath You Take,1983,1980s,Rock,international,spotify:track:1JSTJqkT5qHq8MDJnJbRE1
Sting,If You Love Somebody Set Them Free,1985,1980s,Pop / Rock,international,spotify:track:5Xhqe9xu6bKRSqLj1mS1SB
Sting,Englishman in New York,1987,1980s,Pop / Rock,international,spotify:track:4KFM3A5QF2IMcc6nHsu3Wp
Phil Collins,In the Air Tonight,1981,1980s,Pop,international,spotify:track:18AXbzPzBS8Y3AkgSxzJPb
Phil Collins,You Can't Hurry Love,1982,1980s,Pop,international,spotify:track:4YwbSZaYeYja8Umyt222Qf
Phil Collins,Against All Odds (Take a Look at Me Now),1984,1980s,Pop,international,spotify:track:63CHa6rmamv9OsehkRD8oz
Phil Collins,Sussudio,1985,1980s,Pop,international,spotify:track:4qM461TqtpnP4GLRIXwEnW
Genesis,Mama,1983,1980s,Rock,international,spotify:track:6kIwzLSiQU51taaaZ9zWSE
Genesis,Invisible Touch,1986,1980s,Pop / Rock,international,spotify:track:3vRnsVnMnMjDDKVBYy0Bwl
Peter Gabriel,Sledgehammer,1986,1980s,Pop / Rock,international,spotify:track:029NqmIySn1kOY305AAhxT
Peter Gabriel,Big Time,1986,1980s,Pop / Rock,international,spotify:track:3a5pQvGk6j9prnfJOXC3iT
Tears for Fears,Shout,1984,1980s,Pop,international,spotify:track:2gQaQUhDCNGfBVXTvxAmXQ
Tears for Fears,Everybody Wants to Rule the World,1985,1980s,Pop,international,spotify:track:2YiCMmONQcoMPX2bV1LxE0
Duran Duran,Girls on Film,1981,1980s,Pop,international,spotify:track:4EFkvOhgAmlHEfDfvfSoh5
Duran Duran,Hungry Like the Wolf,1982,1980s,Pop,international,spotify:track:39lSeqnyjZJejRuaREfyLL
Duran Duran,Rio,1982,1980s,Pop,international,spotify:track:17odGcODTYfHJsS45fPq96
Duran Duran,The Reflex,1984,1980s,Pop,international,spotify:track:21ORFcdxY0rKvVJk9uSiWZ
Duran Duran,A View to a Kill,1985,1980s,Pop,international,spotify:track:6I4snLrVOrJsLdd43isc27
Spandau Ballet,True,1983,1980s,Pop,international,spotify:track:10I09MLZCY4pK37XxAfkw0
a-ha,The Sun Always Shines on T.V.,1985,1980s,Pop,international,spotify:track:0HoaLXRp7jJtdQFunUyUGc
Wham!,Last Christmas,1984,1980s,Pop,international,spotify:track:2FRnf9qhLbvw8fu4IBXx78
George Michael,Faith,1987,1980s,Pop,international,spotify:track:1BPV0o3XxA6vItAFSrMMEj
George Michael,Father Figure,1987,1980s,Pop,international,spotify:track:1dPDTi85C6Bek1K0EKB51K
George Michael,One More Try,1987,1980s,Pop,international,spotify:track:1zMXwFmgdu7dMHzSZr22EO
Rick Astley,Together Forever,1988,1980s,Pop,international,spotify:track:00isIFJWVpXIQ8HkGICSQp
Eurythmics,Here Comes the Rain Again,1983,1980s,Pop,international,spotify:track:3ZooowctgcKwNx7XtRK3W0
Eurythmics,There Must Be an Angel (Playing with My Heart),1985,1980s,Pop,international,spotify:track:487afb1uhQ0QHTgg5gUJos
Culture Club,Do You Really Want to Hurt Me,1982,1980s,Pop,international,spotify:track:1I6q6nwNjNgik1Qe8Oi0Y7
Culture Club,Karma Chameleon,1983,1980s,Pop,international,spotify:track:3XDeeP9wBZzGhIPZmLfEEx
Pet Shop Boys,West End Girls,1985,1980s,Pop,international,spotify:track:5Dqik1P9toCJTLj5rEm78s
Pet Shop Boys,It's a Sin,1987,1980s,Pop,international,spotify:track:5fy4vfEtv6lzqLx2Mt7stF
Pet Shop Boys,Always on My Mind,1987,1980s,Pop,international,spotify:track:07ABETRdek3ACMpRPvQuaT
Depeche Mode,People Are People,1984,1980s,Alternative,international,spotify:track:4WoKuMjwJXuy9IqX6AH5JE
Depeche Mode,Personal Jesus,1989,1980s,Alternative,international,spotify:track:2wUlYDGGXlSvm2NkGj0Qio
New Order,Blue Monday,1983,1980s,Alternative,international,spotify:track:6hHc7Pks7wtBIW8Z6A0iFq
New Order,Bizarre Love Triangle,1986,1980s,Alternative,international,spotify:track:6wVViUl2xSRoDK2T7dMZbR
The Cure,Just Like Heaven,1987,1980s,Alternative,international,spotify:track:0lNudhCTfcGBQVvSO22g4r
The Cure,Lovesong,1989,1980s,Alternative,international,spotify:track:49edirvFZwWjxAMZJRg1hN
The Cure,Friday I'm in Love,1992,1990s,Alternative,international,spotify:track:4QlzkaRHtU8gAdwqjWmO8n
The Smiths,This Charming Man,1983,1980s,Alternative,international,spotify:track:1FvDJ9KGxcqwv1utyPL3JZ
The Smiths,There Is a Light That Never Goes Out,1986,1980s,Alternative,international,spotify:track:0WQiDwKJclirSYG9v5tayI
INXS,Need You Tonight,1987,1980s,Rock,international,spotify:track:3h04eZTnmFLRMjZajbrp2R
INXS,Never Tear Us Apart,1987,1980s,Rock,international,spotify:track:1GjbTNFImFrjFsNdleDe78
Simple Minds,Don't You (Forget About Me),1985,1980s,Pop / Rock,international,spotify:track:5Y8Rj0s6wuM5DlQdllYiWl
Talk Talk,It's My Life,1984,1980s,Pop,international,spotify:track:4jhsuQCUCJKA5f0bXb6XdJ
Soft Cell,Tainted Love,1981,1980s,Pop,international,spotify:track:0cGG2EouYCEEC3xfa0tDFV
The Human League,Don't You Want Me,1981,1980s,Pop,international,spotify:track:7zhtLp2V3lNXdllknAqbKk
OMD,Enola Gay,1980,1980s,Pop,international,spotify:track:7bJSbd2Upa4iYVHlbRKEJm
Nena,99 Luftballons,1983,1980s,Pop,international,spotify:track:2IJftBfq7pJ43tfnOR0RB3
Men at Work,Down Under,1981,1980s,Pop / Rock,international,spotify:track:3ZZq9396zv8pcn5GYVhxUi
Men at Work,Who Can It Be Now?,1981,1980s,Pop / Rock,international,spotify:track:5rfJ2Bq2PEL8yBjZLzouEu
Toto,Rosanna,1982,1980s,Rock,international,spotify:track:37BTh5g05cxBIRYMbw8g2T
The Cars,Drive,1984,1980s,Pop / Rock,international,spotify:track:2lFFiNm0XtgJ6wkdncTB4k
The Cars,You Might Think,1984,1980s,Pop / Rock,international,spotify:track:35wVRTJlUu2kDkqXFegOKt
ZZ Top,Gimme All Your Lovin',1983,1980s,Rock,international,spotify:track:29uKzagduhFDTWPCjqaGOg
ZZ Top,Sharp Dressed Man,1983,1980s,Rock,international,spotify:track:0bRNszTbTFLNlunAeh7eom
Joan Jett & the Blackhearts,I Love Rock 'n Roll,1981,1980s,Rock,international,spotify:track:4jTqsgDaffdNH0BMBwhjFv
Pat Benatar,Love Is a Battlefield,1983,1980s,Rock,international,spotify:track:06dAFXkgM2OGAkGS3CxpEm
Heart,Alone,1987,1980s,Rock,international,spotify:track:54b8qPFqYqIndfdxiLApea
Starship,We Built This City,1985,1980s,Pop / Rock,international,spotify:track:6OnfBiiSc9RGKiBKKtZXgQ
Starship,Nothing's Gonna Stop Us Now,1987,1980s,Pop / Rock,international,spotify:track:3X7uFMzJrEE0sxn62qd8Ch
Kenny Rogers & Dolly Parton,Islands in the Stream,1983,1980s,Country / Pop,international,spotify:track:6dnco8haegnJYtylV26cBq
Lionel Richie,Hello,1983,1980s,Soul / Pop,international,spotify:track:6HMvJcdw6qLsyV1b5x29sa
Lionel Richie,All Night Long (All Night),1983,1980s,Soul / Pop,international,spotify:track:1DxT6f6mH7kLriOUWbujup
Stevie Wonder,I Just Called to Say I Love You,1984,1980s,Soul / Pop,international,spotify:track:5ML494lipDt09ZKhEOYMWd
Kool & the Gang,Celebration,1980,1980s,Funk / Pop,international,spotify:track:3K7Q9PHUWPTaknlbFPThn2
Kool & the Gang,Get Down on It,1981,1980s,Funk / Pop,international,spotify:track:4Cv6ongCvJy9JfSkWVnb5D
"Earth, Wind & Fire",Let's Groove,1981,1980s,Funk / Pop,international,spotify:track:3koCCeSaVUyrRo3N2gHrd8
Ricky Martin,She Bangs,2000,2000s,Pop,international,spotify:track:1uPrIHgYztXSkkcts9jet8
Modjo,Lady (Hear Me Tonight),2000,2000s,Dance,international,spotify:track:49X0LAl6faAusYq02PRAY6
George Ezra,Budapest,2014,2010s,Pop,international,spotify:track:2ixsaeFioXJmMgkkbd4uj1
Eminem,Stan,2000,2000s,Hip-hop,international,spotify:track:3UmaczJpikHgJFyBTAJVoz
Eminem,Without Me,2002,2000s,Hip-hop,international,spotify:track:7lQ8MOhq6IN2w8EYcFNSUk
Eminem,Lose Yourself,2002,2000s,Hip-hop,international,spotify:track:6GkTKjv1XbFVdI2D8vvDPu
Eminem,Mockingbird,2004,2000s,Hip-hop,international,spotify:track:561jH07mF1jHuk7KlaeF0s
50 Cent,In da Club,2003,2000s,Hip-hop,international,spotify:track:7iL6o9tox1zgHpKUfh9vuC
50 Cent,Candy Shop,2005,2000s,Hip-hop,international,spotify:track:5D2mYZuzcgjpchVY1pmTPh
Nelly,Hot in Herre,2002,2000s,Hip-hop,international,spotify:track:04KTF78FFg8sOHC1BADqbY
Nelly,Dilemma,2002,2000s,Hip-hop / R&B,international,spotify:track:0ARK753YaiJbpLUk7z5yIM
Outkast,Ms. Jackson,2000,2000s,Hip-hop,international,spotify:track:0I3q5fE6wg7LIfHGngUTnV
Outkast,Roses,2003,2000s,Hip-hop,international,spotify:track:6bUNEbXT7HovLW6BgPCBsb
Kanye West,Gold Digger,2005,2000s,Hip-hop,international,spotify:track:727DhcvHxqDeAEXLFYhWuc
Kanye West,Stronger,2007,2000s,Hip-hop,international,spotify:track:0j2T0R9dR9qdJYsB7ciXhf
Jay-Z,99 Problems,2003,2000s,Hip-hop,international,spotify:track:7IdFdRlCjUi6kkhbPoRfnw
Jay-Z feat. Alicia Keys,Empire State of Mind,2009,2000s,Hip-hop,international,spotify:track:2igwFfvr1OAGX9SKDCPBwO
The Black Eyed Peas,Where Is the Love?,2003,2000s,Pop / Hip-hop,international,spotify:track:0xmjwnQ3FNE6HuWCt2nHdZ
The Black Eyed Peas,Let's Get It Started,2003,2000s,Pop / Hip-hop,international,spotify:track:28jHD8xBLnN8esbroQ6zz8
The Black Eyed Peas,My Humps,2005,2000s,Pop / Hip-hop,international,spotify:track:20jYtEun4dUdYZ9foaOC48
The Black Eyed Peas,Boom Boom Pow,2009,2000s,Pop / Hip-hop,international,spotify:track:3oDFtOhcN08qeDPAK6MEQG
Beyoncé,Crazy in Love,2003,2000s,R&B / Pop,international,spotify:track:5IVuqXILoxVWvWEPm82Jxr
Beyoncé,Baby Boy,2003,2000s,R&B / Pop,international,spotify:track:4WY3HyGXsWqjFRCVD6gnTe
Beyoncé,Irreplaceable,2006,2000s,R&B / Pop,international,spotify:track:3qim3nNFg4aSTLZDLAFXhx
Beyoncé,Single Ladies (Put a Ring on It),2008,2000s,R&B / Pop,international,spotify:track:5R9a4t5t5O0IsznsrKPVro
Beyoncé,Halo,2008,2000s,R&B / Pop,international,spotify:track:4JehYebiI9JE8sR8MisGVb
Rihanna,Pon de Replay,2005,2000s,Pop / R&B,international,spotify:track:4TsmezEQVSZNNPv5RJ65Ov
Rihanna,SOS,2006,2000s,Pop,international,spotify:track:30cSNer6TV8x2utjULVeQ5
Rihanna,Don't Stop the Music,2007,2000s,Pop,international,spotify:track:0paaQpOzPElcIzjjPkbCkS
Rihanna,Disturbia,2008,2000s,Pop,international,spotify:track:2VOomzT6VavJOGBeySqaMc
Rihanna,Rude Boy,2009,2000s,Pop,international,spotify:track:60jzFy6Nn4M0iD1d94oteF
Alicia Keys,Fallin',2001,2000s,R&B,international,spotify:track:0KQx6HOpJueiSkztcS0r7D
Alicia Keys,If I Ain't Got You,2003,2000s,R&B,international,spotify:track:3XVBdLihbNbxUwZosxcGuJ
Alicia Keys,No One,2007,2000s,R&B,international,spotify:track:6IwKcFdiRQZOWeYNhUiWIv
Usher,Yeah!,2004,2000s,R&B,international,spotify:track:5rb9QrpfcKFHM1EUbSIurX
Usher,Burn,2004,2000s,R&B,international,spotify:track:7z3N2W7Xz1t2G2sAO8wFVH
Ne-Yo,So Sick,2005,2000s,R&B,international,spotify:track:6brl7bwOHmGFkNw3MBqssT
Ne-Yo,Closer,2008,2000s,R&B / Pop,international,spotify:track:0GX5oOKtU0nnx5OkhenW2i
Mary J. Blige,Family Affair,2001,2000s,R&B,international,spotify:track:3aw9iWUQ3VrPQltgwvN9Xu
Destiny's Child,Survivor,2001,2000s,R&B / Pop,international,spotify:track:2Mpj1Ul5OFPyyP4wB62Rvi
Destiny's Child,Bootylicious,2001,2000s,R&B / Pop,international,spotify:track:41nT1Sp6ChR65FbsdLlFHW
Destiny's Child,Lose My Breath,2004,2000s,R&B / Pop,international,spotify:track:2n4uOdMHzEvcZ0KP7iQnay
Shakira,Underneath Your Clothes,2001,2000s,Pop,international,spotify:track:15f8Cv8RXUlOOCIf2oaceN
Shakira,Hips Don't Lie,2005,2000s,Pop,international,spotify:track:3d0WouFnFmr0K3kjeza3fF
Shakira,She Wolf,2009,2000s,Pop,international,spotify:track:4l9fZ75WzPZlAIkqJIWlo8
Jennifer Lopez,Love Don't Cost a Thing,2000,2000s,Pop,international,spotify:track:1fgvJXlcZ7uIddMpqsqw0L
Jennifer Lopez,Jenny from the Block,2002,2000s,Pop,international,spotify:track:7LqjznQwfrax7MjQXmxqdQ
Jennifer Lopez,Get Right,2005,2000s,Pop,international,spotify:track:3jVSV60WZE5jPE2a6KGNFy
Kylie Minogue,Spinning Around,2000,2000s,Pop,international,spotify:track:3eXI3pYpiY1nRwhvW0c8Qi
Kylie Minogue,Love at First Sight,2002,2000s,Pop,international,spotify:track:0NMUFQdEFjftg0BQnyZCsh
Britney Spears,Oops!... I Did It Again,2000,2000s,Pop,international,spotify:track:6naxalmIoLFWR0siv8dnQQ
Britney Spears,Stronger,2000,2000s,Pop,international,spotify:track:5QhBKPqsnX1uY9fZNaAtZg
Britney Spears,I'm a Slave 4 U,2001,2000s,Pop,international,spotify:track:6ldwfK0yWgTAlmIfuQkTYN
Britney Spears,Everytime,2003,2000s,Pop,international,spotify:track:0dRhSF9LV0HR8Jwd3MMMKJ
Britney Spears,Gimme More,2007,2000s,Pop,international,spotify:track:6ic8OlLUNEATToEFU3xmaH
Christina Aguilera,Beautiful,2002,2000s,Pop,international,spotify:track:3TCauNPqFiniaYHBvEVoHG
Christina Aguilera,Dirrty,2002,2000s,Pop,international,spotify:track:59ZTxQo8rBycIXPLUIKvE2
Christina Aguilera,Fighter,2002,2000s,Pop,international,spotify:track:7nXq1vaZiz7PdbfojpPjW5
Pink,Get the Party Started,2001,2000s,Pop,international,spotify:track:02jcEwywffn3Tsb48fXmlW
Pink,Just Like a Pill,2001,2000s,Pop / Rock,international,spotify:track:1BpV8IGf4XsRRJf4Xuui9q
Pink,Who Knew,2006,2000s,Pop / Rock,international,spotify:track:2hns6Dv29Yrg68AVTJiAyA
Pink,So What,2008,2000s,Pop / Rock,international,spotify:track:0JiY190vktuhSGN6aqJdrt
Kelly Clarkson,Since U Been Gone,2004,2000s,Pop / Rock,international,spotify:track:6JY1IdkZGeIcPegKxjSKeb
Kelly Clarkson,Because of You,2004,2000s,Pop,international,spotify:track:0gJvqi9QyASOCtJu99tytc
Avril Lavigne,Complicated,2002,2000s,Pop / Rock,international,spotify:track:5xEM5hIgJ1jjgcEBfpkt2F
Avril Lavigne,Sk8er Boi,2002,2000s,Pop / Rock,international,spotify:track:00Mb3DuaIH1kjrwOku9CGU
Avril Lavigne,I'm with You,2002,2000s,Pop,international,spotify:track:1jlG3KJ3gdYmhfuySFfpO1
Avril Lavigne,Girlfriend,2007,2000s,Pop / Rock,international,spotify:track:45hOioMDJktr86iKDHC8gr
Nelly Furtado,I'm Like a Bird,2000,2000s,Pop,international,spotify:track:4sUoWHVnJl8z3t4zdqf6xB
Nelly Furtado,Maneater,2006,2000s,Pop,international,spotify:track:4wH4dJgrsxONID6KS2tDQM
Nelly Furtado,Promiscuous,2006,2000s,Pop,international,spotify:track:2gam98EZKrF9XuOkU13ApN
Justin Timberlake,Cry Me a River,2002,2000s,Pop / R&B,international,spotify:track:7Lf7oSEVdzZqTA0kEDSlS5
Justin Timberlake,Rock Your Body,2002,2000s,Pop / R&B,international,spotify:track:1AWQoqb9bSvzTjaLralEkT
Justin Timberlake,SexyBack,2006,2000s,Pop,international,spotify:track:0O45fw2L5vsWpdsOdXwNAR
Justin Timberlake,What Goes Around... Comes Around,2006,2000s,Pop,international,spotify:track:3pD0f7hSJg2XdQ6udw5Tey
Gwen Stefani,What You Waiting For?,2004,2000s,Pop,international,spotify:track:0ny5zITdmyNwyTPVzRGscU
Gwen Stefani,Hollaback Girl,2004,2000s,Pop,international,spotify:track:0eqH0ALoDQevq59YcQ53KE
Gwen Stefani,The Sweet Escape,2006,2000s,Pop,international,spotify:track:07K4GcCDSTiXUF5ssyTRUM
Lady Gaga,Just Dance,2008,2000s,Pop,international,spotify:track:1dzQoRqT5ucxXVaAhTcT0J
Lady Gaga,Paparazzi,2008,2000s,Pop,international,spotify:track:02XnQdf7sipaKBBHixz3Zp
Lady Gaga,Bad Romance,2009,2000s,Pop,international,spotify:track:0SiywuOBRcynK0uKGWdCnn
Katy Perry,I Kissed a Girl,2008,2000s,Pop,international,spotify:track:14iN3o8ptQ8cFVZTEmyQRV
Katy Perry,Hot n Cold,2008,2000s,Pop,international,spotify:track:22Lg6vvMS2JC07aAjsGvtU
Katy Perry,Waking Up in Vegas,2008,2000s,Pop,international,spotify:track:0CINJz55gaKzuAsqhZ0hEU
Miley Cyrus,See You Again,2007,2000s,Pop,international,spotify:track:3AjyOYxBv8bByfBtG5o9dP
Miley Cyrus,Party in the U.S.A.,2009,2000s,Pop,international,spotify:track:3E7dfMvvCLUddWissuqMwr
Taylor Swift,Love Story,2008,2000s,Pop / Country,international,spotify:track:1D4PL9B8gOg78jiHg3FvBb
Taylor Swift,You Belong with Me,2008,2000s,Pop / Country,international,spotify:track:1GEBsLDvJGw7kviySRI6GX
Amy Winehouse,Rehab,2006,2000s,Soul / Pop,international,spotify:track:1L5tZi0izXsi5Kk5OJf4W0
Amy Winehouse,Back to Black,2006,2000s,Soul / Pop,international,spotify:track:30FURVTCpbKyykjSEQzGkH
Duffy,Mercy,2008,2000s,Soul / Pop,international,spotify:track:1zusIxNqJu8i4g6P6hJ2Qa
Norah Jones,Don't Know Why,2002,2000s,Jazz / Pop,international,spotify:track:1zNXF2svmdlNxfS5XeNUgr
Leona Lewis,Bleeding Love,2007,2000s,Pop,international,spotify:track:7wZUrN8oemZfsEd1CGkbXE
Natasha Bedingfield,Unwritten,2004,2000s,Pop,international,spotify:track:3U5JVgI2x4rDyHGObzJfNf
Corinne Bailey Rae,Put Your Records On,2006,2000s,Soul / Pop,international,spotify:track:5f5YqZZe34nsabun39eqo8
Daniel Powter,Bad Day,2005,2000s,Pop,international,spotify:track:0mUyMawtxj1CJ76kn9gIZK
James Blunt,You're Beautiful,2004,2000s,Pop,international,spotify:track:0vg4WnUWvze6pBOJDTq99k
James Blunt,1973,2007,2000s,Pop,international,spotify:track:1BV0m40U0M4t1SLIsDnwZl
Jason Mraz,I'm Yours,2008,2000s,Pop,international,spotify:track:1EzrEOXmMH3G43AXT1y7pA
Colbie Caillat,Bubbly,2007,2000s,Pop,international,spotify:track:1lkvpmrCaXK8QtliFDcHBO
The Fray,How to Save a Life,2005,2000s,Pop / Rock,international,spotify:track:5fVZC9GiM4e8vu99W0Xf6J
The Fray,Over My Head (Cable Car),2005,2000s,Pop / Rock,international,spotify:track:1N62wozuHCvczCkY4QidpP
Coldplay,Yellow,2000,2000s,Alternative,international,spotify:track:3AJwUDP919kvQ9QcozQPxg
Coldplay,Clocks,2002,2000s,Alternative,international,spotify:track:0BCPKOYdS2jbQ8iyB56Zns
Coldplay,The Scientist,2002,2000s,Alternative,international,spotify:track:75JFxkI2RXiU7L9VXzMkle
Coldplay,Fix You,2005,2000s,Alternative,international,spotify:track:036M4gIgbeH7LHIltqRlfY
U2,Beautiful Day,2000,2000s,Rock,international,spotify:track:0gzqZ9d1jIKo9psEIthwXe
U2,Vertigo,2004,2000s,Rock,international,spotify:track:1gVVSmhWjci8l9Vrsl6HaS
Green Day,Boulevard of Broken Dreams,2004,2000s,Alternative / Rock,international,spotify:track:1hwJKpe0BPUsq6UUrwBWTw
Green Day,Wake Me Up When September Ends,2004,2000s,Alternative / Rock,international,spotify:track:3479kk78dx3GFt048Udq54
Linkin Park,One Step Closer,2000,2000s,Alternative / Rock,international,spotify:track:3K4HG9evC7dg3N0R9cYqk4
Linkin Park,In the End,2000,2000s,Alternative / Rock,international,spotify:track:60a0Rd6pjrkxjPbaKzXjfq
Linkin Park,Numb,2003,2000s,Alternative / Rock,international,spotify:track:2nLtzopw4rPReszdYBJU6h
Linkin Park,Breaking the Habit,2003,2000s,Alternative / Rock,international,spotify:track:3dxiWIBVJRlqh9xk144rf4
Linkin Park,What I've Done,2007,2000s,Alternative / Rock,international,spotify:track:18lR4BzEs7e3qzc0KVkTpU
The White Stripes,Icky Thump,2007,2000s,Alternative / Rock,international,spotify:track:2LMq1O0NiqGhPOlXo3McYQ
The Killers,Mr. Brightside,2003,2000s,Alternative,international,spotify:track:003vvx7Niy0yvhvHt4a68B
The Killers,Somebody Told Me,2004,2000s,Alternative,international,spotify:track:6PwjJ58I4t7Mae9xfZ9l9v
The Killers,When You Were Young,2006,2000s,Alternative,international,spotify:track:70wYA8oYHoMzhRRkARoMhU
The Killers,Human,2008,2000s,Alternative,international,spotify:track:1sTsuZTdANkiFd7T34H3nb
Arctic Monkeys,I Bet You Look Good on the Dancefloor,2005,2000s,Alternative,international,spotify:track:6uV5q0yxaOujbxkwUCUEEf
Arctic Monkeys,When the Sun Goes Down,2006,2000s,Alternative,international,spotify:track:2zzLRQ78kKfPTx8FJQCdC2
Franz Ferdinand,Take Me Out,2004,2000s,Alternative,international,spotify:track:20I8RduZC2PWMWTDCZuuAN
Kings of Leon,Sex on Fire,2008,2000s,Alternative / Rock,international,spotify:track:0ntQJM78wzOLVeCUAW7Y45
Kings of Leon,Use Somebody,2008,2000s,Alternative / Rock,international,spotify:track:5VGlqQANWDKJFl0MBG3sg2
Muse,Time Is Running Out,2003,2000s,Alternative / Rock,international,spotify:track:0EdMqiKs9LKXhspeQhl4RZ
Muse,Hysteria,2003,2000s,Alternative / Rock,international,spotify:track:0knbMPVHpFbsx38pLoYSRs
Enrique Iglesias,I Like It,2010,2010s,Pop,international,spotify:track:7HacCTm33hZYYN8DXpCYuG
Adele,Someone Like You,2011,2010s,Pop,international,spotify:track:3bNv3VuUOKgrf5hu3YcuRo
Adele,Set Fire to the Rain,2011,2010s,Pop,international,spotify:track:3di5hcvxxciiqwMH1jarhY
Adele,Hello,2015,2010s,Pop,international,spotify:track:1Yk0cQdMLx5RzzFTYwmuld
Adele,Send My Love (To Your New Lover),2015,2010s,Pop,international,spotify:track:563SfWAHJs4FBZMkRN0IFN
Bruno Mars,Just the Way You Are,2010,2010s,Pop,international,spotify:track:47Slg6LuqLaX0VodpSCvPt
Bruno Mars,Grenade,2010,2010s,Pop,international,spotify:track:4lLtanYk6tkMvooU0tWzG8
Bruno Mars,The Lazy Song,2010,2010s,Pop,international,spotify:track:5jDbytR7OZhR1rIY3kypPQ
Bruno Mars,Locked Out of Heaven,2012,2010s,Pop,international,spotify:track:3w3y8KPTfNeOKPiqUTakBh
Bruno Mars,When I Was Your Man,2012,2010s,Pop,international,spotify:track:0nJW01T7XtvILxQgC5J7Wh
Bruno Mars,Treasure,2012,2010s,Pop,international,spotify:track:55h7vJchibLdUkxdlX3fK7
Lady Gaga,Born This Way,2011,2010s,Pop,international,spotify:track:30XU4suKzCeoCK9YFzdufg
Lady Gaga,The Edge of Glory,2011,2010s,Pop,international,spotify:track:57F80059mWaWFvWG3tBTbO
Lady Gaga,Applause,2013,2010s,Pop,international,spotify:track:5ka2ajep9OAvU5Sgduhiex
Lady Gaga,Shallow,2018,2010s,Pop,international,spotify:track:2VxeLyX666F8uXCJ0dZF8B
Katy Perry,California Gurls,2010,2010s,Pop,international,spotify:track:3f7gYMirBEKuc57218BjOY
Katy Perry,Teenage Dream,2010,2010s,Pop,international,spotify:track:235LXPXfi0SmOaS9TaCh3c
Katy Perry,Firework,2010,2010s,Pop,international,spotify:track:3lXbHd0EoryoQh3vpevNEP
Katy Perry,Last Friday Night (T.G.I.F.),2010,2010s,Pop,international,spotify:track:3oHNJECGN3bBoGXejlw2b1
Katy Perry,Roar,2013,2010s,Pop,international,spotify:track:27tNWlhdAryQY04Gb2ZhUI
Katy Perry,Dark Horse,2013,2010s,Pop,international,spotify:track:5jrdCoLpJSvHHorevXBATy
Rihanna,Only Girl (In the World),2010,2010s,Pop,international,spotify:track:0AH6WMe3OlAlUb5miXt2FQ
Rihanna,What's My Name?,2010,2010s,Pop,international,spotify:track:5FTCKvxzqy72ceS4Ujux4N
Rihanna,We Found Love,2011,2010s,Pop,international,spotify:track:6qn9YLKt13AGvpq9jfO8py
Rihanna,Diamonds,2012,2010s,Pop,international,spotify:track:6O20JhBJPePEkBdrB5sqRx
Rihanna,Stay,2012,2010s,Pop,international,spotify:track:0GNI8K3VATWBABQFAzBAYe
Rihanna,Work,2016,2010s,Pop / R&B,international,spotify:track:72TFWvU3wUYdUuxejTTIzt
Beyoncé,Run the World (Girls),2011,2010s,Pop / R&B,international,spotify:track:1uXbwHHfgsXcUKfSZw5ZJ0
Beyoncé,Love on Top,2011,2010s,Pop / R&B,international,spotify:track:1z6WtY7X4HQJvzxC4UgkSf
Beyoncé,Drunk in Love,2013,2010s,Pop / R&B,international,spotify:track:5EmCpD8tUj78VW3kgaEjME
Taylor Swift,Mine,2010,2010s,Pop / Country,international,spotify:track:67Io3gxHwfbUreBf114c0u
Taylor Swift,We Are Never Ever Getting Back Together,2012,2010s,Pop,international,spotify:track:6kISMRfweKSvgHR0urMQFG
Taylor Swift,I Knew You Were Trouble,2012,2010s,Pop,international,spotify:track:3lKZf71jeNi14udIFPJ29V
Taylor Swift,Blank Space,2014,2010s,Pop,international,spotify:track:1u8c2t2Cy7UBoG4ArRcF5g
Taylor Swift,Style,2014,2010s,Pop,international,spotify:track:0ug5NqcwcFR2xrfTkc7k8e
Taylor Swift,Wildest Dreams,2014,2010s,Pop,international,spotify:track:3fVnlF4pGqWI9flVENcT28
Taylor Swift,Look What You Made Me Do,2017,2010s,Pop,international,spotify:track:1P17dC1amhFzptugyAO7Il
Taylor Swift,Delicate,2017,2010s,Pop,international,spotify:track:6NFyWDv5CjfwuzoCkw47Xf
Miley Cyrus,We Can't Stop,2013,2010s,Pop,international,spotify:track:2y4lAQpi5VTNLu2ldeTdUH
Miley Cyrus,Wrecking Ball,2013,2010s,Pop,international,spotify:track:2vwlzO0Qp8kfEtzTsCXfyE
Miley Cyrus,Malibu,2017,2010s,Pop,international,spotify:track:1UZOjK1BwmwWU14Erba9CZ
Selena Gomez,Come & Get It,2013,2010s,Pop,international,spotify:track:6LoQHIo74tOzQ8EsLEkhgF
Selena Gomez,Good for You,2015,2010s,Pop,international,spotify:track:5xdVqHtFS0eLuNp4Z8Wbpa
Selena Gomez,Hands to Myself,2015,2010s,Pop,international,spotify:track:3CJvmtWw2bJsudbAC5uCQk
Selena Gomez,Lose You to Love Me,2019,2010s,Pop,international,spotify:track:3RKywhObU25JLEypRY6HWx
Demi Lovato,Skyscraper,2011,2010s,Pop,international,spotify:track:4B3RmT3cGvh8By3WY9pbIx
Demi Lovato,Heart Attack,2013,2010s,Pop,international,spotify:track:1V6gIisPpYqgFeWbMLI0bA
Demi Lovato,Sorry Not Sorry,2017,2010s,Pop,international,spotify:track:0yvPEnB032fojLfVluFjUv
Ariana Grande,The Way,2013,2010s,Pop,international,spotify:track:0S4RKPbRDA72tvKwVdXQqe
Ariana Grande,Problem,2014,2010s,Pop,international,spotify:track:7vS3Y0IKjde7Xg85LWIEdP
Ariana Grande,Break Free,2014,2010s,Pop,international,spotify:track:12KUFSHFgT0XCoiSlvdQi4
Ariana Grande,Into You,2016,2010s,Pop,international,spotify:track:76FZM38RC8XaAjJ77CVTNe
Ariana Grande,No Tears Left to Cry,2018,2010s,Pop,international,spotify:track:2qT1uLXPVPzGgFOx4jtEuo
Ariana Grande,"Thank U, Next",2018,2010s,Pop,international,spotify:track:3e9HZxeyfWwjeyPAMmWSSQ
Ariana Grande,7 Rings,2019,2010s,Pop,international,spotify:track:6ocbgoVGwYJhOv1GgI9NsF
Justin Bieber,Baby,2010,2010s,Pop,international,spotify:track:6epn3r7S14KUqlReYr77hA
Justin Bieber,Boyfriend,2012,2010s,Pop,international,spotify:track:3UGIZ8qcrMTwzLbx6Kttqt
Justin Bieber,Sorry,2015,2010s,Pop,international,spotify:track:00ikRnfV36fFD6b01N4R43
Justin Bieber,Love Yourself,2015,2010s,Pop,international,spotify:track:2L4FTYo9rIhLB8oeysKla7
Justin Bieber,What Do You Mean?,2015,2010s,Pop,international,spotify:track:4B0JvthVoAAuygILe3n4Bs
Justin Timberlake,Mirrors,2013,2010s,Pop,international,spotify:track:4rHZZAmHpZrA3iH5zx8frV
Justin Timberlake,Can't Stop the Feeling!,2016,2010s,Pop,international,spotify:track:6JV2JOEocMgcZxYSZelKcc
Ed Sheeran,The A Team,2011,2010s,Pop,international,spotify:track:1VdZ0vKfR5jneCmWIUAMxK
Ed Sheeran,Sing,2014,2010s,Pop,international,spotify:track:6K8qKeWo5MsFED7wCR6Kop
Ed Sheeran,Thinking Out Loud,2014,2010s,Pop,international,spotify:track:34gCuhDGsG4bRPIf9bb02f
Ed Sheeran,Photograph,2014,2010s,Pop,international,spotify:track:1HNkqx9Ahdgi1Ixy2xkKkL
Ed Sheeran,Castle on the Hill,2017,2010s,Pop,international,spotify:track:6PCUP3dWmTjcTtXY02oFdT
Ed Sheeran,Perfect,2017,2010s,Pop,international,spotify:track:0tgVpDi06FyKpA1z0VMD4v
Sam Smith,Stay with Me,2014,2010s,Pop,international,spotify:track:5Nm9ERjJZ5oyfXZTECKmRt
Sam Smith,I'm Not the Only One,2014,2010s,Pop,international,spotify:track:7795WJLVKJoAyVoOtCWqXN
Sam Smith,Too Good at Goodbyes,2017,2010s,Pop,international,spotify:track:1mXVgsBdtIVeCLJnSnmtdV
Sia,Chandelier,2014,2010s,Pop,international,spotify:track:4VrWlk8IQxevMvERoX08iC
Sia,Elastic Heart,2014,2010s,Pop,international,spotify:track:6kwAbEjseqBob48jCus7Sz
Sia,Cheap Thrills,2016,2010s,Pop,international,spotify:track:27SdWb2rFzO6GWiYDBTD9j
Lorde,Royals,2013,2010s,Alternative / Pop,international,spotify:track:2dLLR6qlu5UJ5gk0dKz0h3
Lorde,Team,2013,2010s,Alternative / Pop,international,spotify:track:3G6hD9B2ZHOsgf4WfNu7X1
Lana Del Rey,Video Games,2011,2010s,Alternative / Pop,international,spotify:track:5xTEkzHycz81QTcqCS9oVv
Lana Del Rey,Summertime Sadness,2012,2010s,Alternative / Pop,international,spotify:track:3BJe4B8zGnqEdQPMvfVjuS
Lana Del Rey,Young and Beautiful,2013,2010s,Alternative / Pop,international,spotify:track:2nMeu6UenVvwUktBCpLMK9
Billie Eilish,Ocean Eyes,2016,2010s,Alternative / Pop,international,spotify:track:2uIX8YMNjGMD7441kqyyNU
Billie Eilish,Bury a Friend,2019,2010s,Alternative / Pop,international,spotify:track:4SSnFejRGlZikf02HLewEF
The Weeknd,Can't Feel My Face,2015,2010s,Pop / R&B,international,spotify:track:22VdIZQfgXJea34mQxlt81
The Weeknd,The Hills,2015,2010s,Pop / R&B,international,spotify:track:7fBv7CLKzipRk6EC6TWHOB
The Weeknd,Starboy,2016,2010s,Pop / R&B,international,spotify:track:7MXVkk9YMctZqd1Srtv4MB
The Weeknd,I Feel It Coming,2016,2010s,Pop / R&B,international,spotify:track:3dhjNA0jGA8vHBQ1VdD6vV
Dua Lipa,Be the One,2015,2010s,Pop,international,spotify:track:1u5WAP1xPjbQu78BcoXfVx
Dua Lipa,New Rules,2017,2010s,Pop,international,spotify:track:2ekn2ttSfGqwhhate0LSR0
Dua Lipa,IDGAF,2017,2010s,Pop,international,spotify:track:76cy1WJvNGJTj78UqeA5zr
Dua Lipa,Don't Start Now,2019,2010s,Pop,international,spotify:track:3PfIrDoz19wz7qK7tYeu62
Camila Cabello,Havana,2017,2010s,Pop,international,spotify:track:1rfofaqEpACxVEHIZBJe6W
Camila Cabello,Never Be the Same,2017,2010s,Pop,international,spotify:track:6VpQdig9pdpTSIFItgkJV5
Shawn Mendes,Stitches,2015,2010s,Pop,international,spotify:track:5jsw9uXEGuKyJzs0boZ1bT
Shawn Mendes,Treat You Better,2016,2010s,Pop,international,spotify:track:3QGsuHI8jO1Rx4JWLUh9jd
Shawn Mendes,There's Nothing Holdin' Me Back,2017,2010s,Pop,international,spotify:track:7JJmb5XwzOO8jgpou264Ml
Shawn Mendes & Camila Cabello,Señorita,2019,2010s,Pop,international,spotify:track:0TK2YIli7K1leLovkQiNik
Meghan Trainor,All About That Bass,2014,2010s,Pop,international,spotify:track:0ifSeVGUr7py5GggttDhXw
Meghan Trainor,Lips Are Movin,2014,2010s,Pop,international,spotify:track:6gj08XDlv9Duc2fPOxUmVD
Carly Rae Jepsen,I Really Like You,2015,2010s,Pop,international,spotify:track:1mKXfxIOA7eQQJ844OFm7L
Kesha,We R Who We R,2010,2010s,Pop,international,spotify:track:3LUWWox8YYykohBbHUrrxd
Kesha,Die Young,2012,2010s,Pop,international,spotify:track:7EQGXaVSyEDsCWKmUcfpLk
Nicki Minaj,Super Bass,2010,2010s,Hip-hop / Pop,international,spotify:track:3hlksXnvbKogFdPbpO9vel
Nicki Minaj,Starships,2012,2010s,Hip-hop / Pop,international,spotify:track:2EBCVPNAG46nbgs6jXPGvv
Nicki Minaj,Anaconda,2014,2010s,Hip-hop,international,spotify:track:5eqiMMbaeUZ32Q7sS00H35
Iggy Azalea,Fancy,2014,2010s,Hip-hop / Pop,international,spotify:track:3W3KtDwAIg3mAruSpnfG3Q
Macklemore & Ryan Lewis,Thrift Shop,2012,2010s,Hip-hop,international,spotify:track:7bYZBVrnRfqeaPbhRyEvK3
Macklemore & Ryan Lewis,Can't Hold Us,2011,2010s,Hip-hop,international,spotify:track:3bidbhpOYeV4knp8AIu8Xn
Drake,Hotline Bling,2015,2010s,Hip-hop / R&B,international,spotify:track:0wwPcA6wtMf6HUMpIRdeP7
Drake,One Dance,2016,2010s,Hip-hop / R&B,international,spotify:track:193VhCWkSN0S46Jr4c7NWT
Drake,God's Plan,2018,2010s,Hip-hop,international,spotify:track:6DCZcSspjsKoFjzjrWoCdn
Post Malone,Congratulations,2016,2010s,Hip-hop / Pop,international,spotify:track:3a1lNhkSLSkpJE4MSHpDu9
Post Malone,Rockstar,2017,2010s,Hip-hop / Pop,international,spotify:track:0I2XhicZdPwyDTtsCELdSf
Post Malone,Circles,2019,2010s,Pop,international,spotify:track:21jGcNKet2qwijlDFuPiPb
Cardi B,Bodak Yellow,2017,2010s,Hip-hop,international,spotify:track:2771LMNxwf62FTAdpJMQfM
"Cardi B, Bad Bunny & J Balvin",I Like It,2018,2010s,Hip-hop / Latin,international,spotify:track:58q2HKrzhC3ozto2nDdN4z
Lil Nas X,Old Town Road,2018,2010s,Hip-hop / Country,international,spotify:track:0F7FA14euOIX8KcbEturGH
Lizzo,Truth Hurts,2017,2010s,Pop / R&B,international,spotify:track:3HWzoMvoF3TQfYg4UPszDq
Lizzo,Good as Hell,2016,2010s,Pop / R&B,international,spotify:track:3Yh9lZcWyKrK9GjbhuS0hR
Pharrell Williams,Happy,2013,2010s,Pop,international,spotify:track:0eMxgAHmuvoqpLyYQrbKvQ
Robin Thicke,Blurred Lines,2013,2010s,Pop / R&B,international,spotify:track:0n4bITAu0Y0nigrz3MFJMb
fun.,We Are Young,2011,2010s,Pop / Rock,international,spotify:track:3ehrxAhYms24KLPG8FZe0W
fun.,Some Nights,2012,2010s,Pop / Rock,international,spotify:track:0kR4Gn7FljUY4t8SKIFyZh
Imagine Dragons,It's Time,2012,2010s,Alternative / Rock,international,spotify:track:7MXlTgQeo3IVlMpLnZuhxc
Imagine Dragons,Radioactive,2012,2010s,Alternative / Rock,international,spotify:track:62yJjFtgkhUrXktIoSjgP2
Imagine Dragons,Demons,2012,2010s,Alternative / Rock,international,spotify:track:5qaEfEh1AtSdrdrByCP7qR
Imagine Dragons,Believer,2017,2010s,Alternative / Rock,international,spotify:track:2jLk6ozHgQy2j26kcnLzEt
Imagine Dragons,Thunder,2017,2010s,Alternative / Rock,international,spotify:track:1zB4vmk8tFRmM9UULNzbLB
OneRepublic,Counting Stars,2013,2010s,Pop / Rock,international,spotify:track:2tpWsVSb9UEmDRxAl1zhX1
OneRepublic,Love Runs Out,2014,2010s,Pop / Rock,international,spotify:track:3cOO5IQtOYs7huq4Z6lYfr
Maroon 5,Moves Like Jagger,2011,2010s,Pop,international,spotify:track:1r299qCKBLgUS9XJ9m1kEx
Maroon 5,Payphone,2012,2010s,Pop,international,spotify:track:1XGmzt0PVuFgQYYnV2It7A
Maroon 5,Sugar,2014,2010s,Pop,international,spotify:track:494OU6M7NOf4ICYb4zWCf5
Maroon 5,Girls Like You,2017,2010s,Pop,international,spotify:track:7npLlaPu9Mfno8hjk5OagD
Coldplay,Paradise,2011,2010s,Alternative / Pop,international,spotify:track:6nek1Nin9q48AVZcWs9e9D
Coldplay,Every Teardrop Is a Waterfall,2011,2010s,Alternative / Pop,international,spotify:track:2U8g9wVcUu9wsg6i7sFSv8
Coldplay,A Sky Full of Stars,2014,2010s,Alternative / Pop,international,spotify:track:0FDzzruyVECATHXKHFs9eJ
Coldplay,Adventure of a Lifetime,2015,2010s,Alternative / Pop,international,spotify:track:69uxyAqqPIsUyTO8txoP2M
Coldplay,Hymn for the Weekend,2015,2010s,Alternative / Pop,international,spotify:track:3RiPr603aXAoi4GHyXx0uy
Arctic Monkeys,Do I Wanna Know?,2013,2010s,Alternative / Rock,international,spotify:track:5FVd6KXrgO9B3JPmC8OPst
Arctic Monkeys,R U Mine?,2012,2010s,Alternative / Rock,international,spotify:track:6c5QZx2v9753q26g1Fvo2F
The Black Keys,Lonely Boy,2011,2010s,Alternative / Rock,international,spotify:track:5G1sTBGbZT5o4PNRc75RKI
The Black Keys,Gold on the Ceiling,2011,2010s,Alternative / Rock,international,spotify:track:5lN1EH25gdiqT1SFALMAq1
Foster the People,Pumped Up Kicks,2010,2010s,Alternative,international,spotify:track:7w87IxuO7BDcJ3YUqCyMTT
Walk the Moon,Shut Up and Dance,2014,2010s,Alternative / Pop,international,spotify:track:4kbj5MwxO1bq9wjT5g9HaA
Twenty One Pilots,Stressed Out,2015,2010s,Alternative,international,spotify:track:3CRDbSIZ4r5MsZ0YwxuEkn
Twenty One Pilots,Ride,2015,2010s,Alternative,international,spotify:track:2Z8WuEywRWYTKe1NybPQEW
Panic! at the Disco,High Hopes,2018,2010s,Alternative / Pop,international,spotify:track:1rqqCSm0Qe4I9rUvWncaom
Portugal. The Man,Feel It Still,2017,2010s,Alternative,international,spotify:track:6QgjcU0zLnzq5OrUoSZ3OK
Mumford & Sons,I Will Wait,2012,2010s,Folk / Rock,international,spotify:track:5PRRthP9SLfbXB359MfIWv
Of Monsters and Men,Little Talks,2011,2010s,Folk / Pop,international,spotify:track:2ihCaVdNZmnHZWt0fvAM7B
Passenger,Let Her Go,2012,2010s,Folk / Pop,international,spotify:track:5KReHDo8W8w9bKTY3KxPy3
Hozier,Take Me to Church,2013,2010s,Alternative,international,spotify:track:3dYD57lRAUcMHufyqn9GcI
George Ezra,Shotgun,2018,2010s,Pop,international,spotify:track:4ofwffwvvnbSkrMSCKQDaC
Vance Joy,Riptide,2013,2010s,Folk / Pop,international,spotify:track:423RKXolCbgBbkF8WanOwA
Avicii,Hey Brother,2013,2010s,Dance,international,spotify:track:3RreQwfX4DKTrvKi1F2UIf
David Guetta,Titanium,2011,2010s,Dance,international,spotify:track:0TDLuuLlV54CkRRUOahJb4
David Guetta,Without You,2011,2010s,Dance,international,spotify:track:0V6J3G6SyYGQzzLUSAlAKe
David Guetta,Play Hard,2013,2010s,Dance,international,spotify:track:16Cs9KsHzgunxaEfGrXysG
Calvin Harris,Feel So Close,2011,2010s,Dance,international,spotify:track:0K40h9LfEW12p7kk35vT1Y
Calvin Harris,Summer,2014,2010s,Dance,international,spotify:track:6YUTL4dYpB9xZO5qExPf05
Calvin Harris,How Deep Is Your Love,2015,2010s,Dance,international,spotify:track:22mek4IiqubGD9ctzxc69s
Calvin Harris,This Is What You Came For,2016,2010s,Dance,international,spotify:track:0azC730Exh71aQlOt9Zj3y
Calvin Harris & Dua Lipa,One Kiss,2018,2010s,Dance,international,spotify:track:7ef4DlsgrMEH11cDZd32M6
Swedish House Mafia,One (Your Name),2010,2010s,Dance,international,spotify:track:1ULtmkZQia2op5KeeNHCCs
Swedish House Mafia,Save the World,2011,2010s,Dance,international,spotify:track:0R42XHlMMu4hBgOvdICIsU
Swedish House Mafia,Don't You Worry Child,2012,2010s,Dance,international,spotify:track:5tALkmrC4bRfrSDLimAzuq
Martin Garrix,Animals,2013,2010s,Dance,international,spotify:track:0A9mHc7oYUoCECqByV8cQR
Zedd,Clarity,2012,2010s,Dance,international,spotify:track:60wwxj6Dd9NJlirf84wr2c
Zedd,Stay,2017,2010s,Dance,international,spotify:track:6uBhi9gBXWjanegOb2Phh0
Major Lazer,Lean On,2015,2010s,Dance,international,spotify:track:4UKJUbcuStnnxLeJmVJsSc
DJ Snake,Turn Down for What,2013,2010s,Dance,international,spotify:track:67awxiNHNyjMXhVgsHuIrs
DJ Snake,Let Me Love You,2016,2010s,Dance,international,spotify:track:0lYBSQXN6rCTvUZvg9S0lU
Clean Bandit,Rather Be,2014,2010s,Dance / Pop,international,spotify:track:3s4U7OHV7gnj42VV72eSZ6
Clean Bandit,Rockabye,2016,2010s,Dance / Pop,international,spotify:track:5knuzwU65gJK7IF5yJsuaW
Kygo,Firestone,2014,2010s,Dance,international,spotify:track:1I8tHoNBFTuoJAlh4hfVVE
Kygo,Stole the Show,2015,2010s,Dance,international,spotify:track:4iZPNYqzI2L0uwuUKun7Aa
The Chainsmokers,Closer,2016,2010s,Dance / Pop,international,spotify:track:7BKLCZ1jbUBVqRi2FVlTVw
The Chainsmokers,Something Just Like This,2017,2010s,Dance / Pop,international,spotify:track:1dNIEtp7AY3oDAKCGg2XkH
Alan Walker,Faded,2015,2010s,Dance,international,spotify:track:7gHs73wELdeycvS48JfIos
Marshmello,Happier,2018,2010s,Dance / Pop,international,spotify:track:7BqHUALzNBTanL6OvsqmC1
LMFAO,Party Rock Anthem,2011,2010s,Dance,international,spotify:track:2bWv2V1JREGtxEuPcMWFBU
LMFAO,Sexy and I Know It,2011,2010s,Dance,international,spotify:track:7zyHn7FiJxkW9iWVaSBVDC
Flo Rida,Good Feeling,2011,2010s,Hip-hop / Pop,international,spotify:track:3NcO4jGK1Opb5ea0mYLpxb
Flo Rida,Whistle,2012,2010s,Hip-hop / Pop,international,spotify:track:3bC1ahPIYt1btJzSSEyyrF
Pitbull,Give Me Everything,2011,2010s,Hip-hop / Pop,international,spotify:track:4QNpBfC0zvjKqPJcyqBy9W
Pitbull,Timber,2013,2010s,Hip-hop / Pop,international,spotify:track:1zHlj4dQ8ZAtrayhuDDmkY
Taio Cruz,Dynamite,2010,2010s,Pop,international,spotify:track:2CEgGE6aESpnmtfiZwYlbV
Jason Derulo,Talk Dirty,2013,2010s,Pop / R&B,international,spotify:track:31JwK4iHCf75rnQWoMPU5t
Jason Derulo,Want to Want Me,2015,2010s,Pop,international,spotify:track:7oGZAicScQt96OAW4AruYy
J Balvin & Willy William,Mi Gente,2017,2010s,Latin Pop,international,spotify:track:4ipnJyDU3Lq15qBAYNqlqK
Daddy Yankee,Dura,2018,2010s,Latin Pop,international,spotify:track:6KuqAtoeVzxAYOaMveLNpH
Shakira,Waka Waka (This Time for Africa),2010,2010s,Pop,international,spotify:track:63Tl9k1sH8tznn3bqoMuyF
Shakira,Can't Remember to Forget You,2014,2010s,Pop,international,spotify:track:7o1Pm9jpH0wFpN5g793Lnq
PSY,Gangnam Style,2012,2010s,Pop / Dance,international,spotify:track:03UrZgTINDqvnUMbbIMhql
PSY,Gentleman,2013,2010s,Pop / Dance,international,spotify:track:6djlRvx69CBXQAoXKqk082
Bastille,Pompeii,2013,2010s,Alternative / Pop,international,spotify:track:6fNhZRFEkBfgW39W3wKARJ
The Lumineers,Ho Hey,2012,2010s,Folk / Pop,international,spotify:track:0DwClY2t9YAWHBROMIgrXb
M83,Midnight City,2011,2010s,Electronic,international,spotify:track:6GyFP1nfCDB8lbD2bG0Hq9
Disclosure,Latch,2012,2010s,Electronic / Dance,international,spotify:track:3pgC6hv9bbZSAzEOl6K5nG
Duke Dumont,I Got U,2014,2010s,Dance,international,spotify:track:023H4I7HJnxRqsc9cqeFKV
Route 94,My Love,2014,2010s,Dance,international,spotify:track:4N1MFKjziFHH4IS3RYYUrU
Felix Jaehn,Ain't Nobody (Loves Me Better),2015,2010s,Dance,international,spotify:track:3vbqb78xzvD3CJl7ZeW83c
Lost Frequencies,Are You with Me,2014,2010s,Dance,international,spotify:track:39QlSLkqq5shnpAXchT9sI
Sigala,Easy Love,2015,2010s,Dance,international,spotify:track:4tZp15Dj8yJH3lyf0uh2A4
Jonas Blue,Fast Car,2015,2010s,Dance,international,spotify:track:2mCF8L0brIs88eH6Kf2h9p
Mike Posner,I Took a Pill in Ibiza (Seeb Remix),2015,2010s,Dance,international,spotify:track:0vbtURX4qv1l7besfwmnD8
Rag'n'Bone Man,Human,2016,2010s,Soul / Pop,international,spotify:track:29jRJ1UmzzISUh3CVjPdS1
James Bay,Hold Back the River,2014,2010s,Pop / Rock,international,spotify:track:6PZby1bNMj2ZEPShwQwJnL
Tom Odell,Another Love,2012,2010s,Pop,international,spotify:track:5FKnuwsKf7YFpmhA5Wnl0q
Lewis Capaldi,Someone You Loved,2018,2010s,Pop,international,spotify:track:2TIlqbIneP0ZY1O0EzYLlc
Tones and I,Dance Monkey,2019,2010s,Pop,international,spotify:track:2XU0oxnq2qxCpomAAuJY8K
The Weeknd,Save Your Tears,2020,2020s,Pop,international,spotify:track:5QO79kh1waicV47BqGRL3g
The Weeknd,Take My Breath,2021,2020s,Pop,international,spotify:track:2vgUijXOTRMnWXDtvgMp2b
Dua Lipa,Physical,2020,2020s,Pop,international,spotify:track:3AzjcOeAmA57TIOr9zF1ZW
Dua Lipa,Levitating,2020,2020s,Pop,international,spotify:track:39LLxExYz6ewLAcYrzQQyP
Dua Lipa,Break My Heart,2020,2020s,Pop,international,spotify:track:1raaNykBg1bDnWENUiglUA
Dua Lipa,Houdini,2023,2020s,Pop,international,spotify:track:65AjgsSuwgD1vj7Y7XGe6I
Dua Lipa,Training Season,2024,2020s,Pop,international,spotify:track:6Qb7YsAqH4wWFUMbGsCpap
Miley Cyrus,Midnight Sky,2020,2020s,Pop,international,spotify:track:4i2qxFEVVUi8yOYoxB8TCX
Miley Cyrus,Used to Be Young,2023,2020s,Pop,international,spotify:track:41WQUSINanQHfhfKpFDsms
Taylor Swift,Cardigan,2020,2020s,Pop,international,spotify:track:4R2kfaDFhslZEMJqAFNpdd
Taylor Swift,Willow,2020,2020s,Pop,international,spotify:track:0lx2cLdOt3piJbcaXIV74f
Taylor Swift,Anti-Hero,2022,2020s,Pop,international,spotify:track:0V3wPSX9ygBnCm8psDIegu
Taylor Swift,Cruel Summer,2019,2010s,Pop,international,spotify:track:1BxfuPKGuaTgP7aM0Bbdwr
Taylor Swift,Fortnight,2024,2020s,Pop,international,spotify:track:2OzhQlSqBEmt7hmkYxfT6m
Billie Eilish,Therefore I Am,2020,2020s,Alternative / Pop,international,spotify:track:54bFM56PmE4YLRnqpW6Tha
Billie Eilish,Happier Than Ever,2021,2020s,Alternative / Pop,international,spotify:track:4RVwu0g32PAqgUiJoXsdF8
Billie Eilish,Birds of a Feather,2024,2020s,Alternative / Pop,international,spotify:track:6dOtVTDdiauQNBQEDOtlAB
Olivia Rodrigo,Drivers License,2021,2020s,Pop,international,spotify:track:5wANPM4fQCJwkGd4rN57mH
Olivia Rodrigo,Good 4 U,2021,2020s,Pop / Rock,international,spotify:track:4ZtFanR9U6ndgddUvNcjcG
Olivia Rodrigo,Vampire,2023,2020s,Pop,international,spotify:track:1kuGVB7EU95pJObxwvfwKS
Olivia Rodrigo,Bad Idea Right?,2023,2020s,Pop / Rock,international,spotify:track:3IX0yuEVvDbnqUwMBB3ouC
Sabrina Carpenter,Please Please Please,2024,2020s,Pop,international,spotify:track:5N3hjp1WNayUPZrA8kJmJP
Harry Styles,Watermelon Sugar,2019,2010s,Pop,international,spotify:track:6UelLqGlWMcVH1E5c4H7lY
Harry Styles,Adore You,2019,2010s,Pop,international,spotify:track:3jjujdWJ72nww5eGnfs2E7
Harry Styles,As It Was,2022,2020s,Pop,international,spotify:track:4Dvkj6JhhA12EX05fT7y2e
Doja Cat,Say So,2019,2010s,Pop / R&B,international,spotify:track:3Dv1eDb0MEgF93GpLXlucZ
Doja Cat,Kiss Me More,2021,2020s,Pop / R&B,international,spotify:track:3DarAbFujv6eYNliUTyqtz
Doja Cat,Paint the Town Red,2023,2020s,Hip-hop / Pop,international,spotify:track:2IGMVunIBsBLtEQyoI1Mu7
Lizzo,About Damn Time,2022,2020s,Pop,international,spotify:track:4a3D8glGZxhlJfOs1Czc3c
Beyoncé,Break My Soul,2022,2020s,Pop / Dance,international,spotify:track:5pyoxDZ1PX0KxBxiRVxA4U
Beyoncé,Texas Hold 'Em,2024,2020s,Country / Pop,international,spotify:track:0Z7nGFVCLfixWctgePsRk9
Lady Gaga,Rain on Me,2020,2020s,Pop,international,spotify:track:1iwpSsOOuOQZQUY3Xkxv8F
Lady Gaga,Abracadabra,2025,2020s,Pop,international,spotify:track:2LHNTC9QZxsL3nWpt8iaSR
Ariana Grande,Positions,2020,2020s,Pop,international,spotify:track:35mvY5S1H3J2QZyna3TFe0
Ariana Grande,"Yes, And?",2024,2020s,Pop,international,spotify:track:7gaA3wERFkFkgivjwbSvkG
Ariana Grande,We Can't Be Friends (Wait for Your Love),2024,2020s,Pop,international,spotify:track:46kspZSY3aKmwQe7O77fCC
Justin Bieber,Peaches,2021,2020s,Pop / R&B,international,spotify:track:4iJyoBOLtHqaGxP12qzhQI
Justin Bieber,Ghost,2021,2020s,Pop,international,spotify:track:6I3mqTwhRpn34SLVafSH7G
Ed Sheeran,Bad Habits,2021,2020s,Pop,international,spotify:track:3rmo8F54jFF8OgYsqTxm5d
Ed Sheeran,Shivers,2021,2020s,Pop,international,spotify:track:50nfwKoDiSYg8zOCREWAm5
Sam Smith & Kim Petras,Unholy,2022,2020s,Pop,international,spotify:track:3nqQXoyQOWXiESFLlDF1hG
SZA,Kill Bill,2022,2020s,R&B,international,spotify:track:3OHfY25tqY28d16oZczHc8
SZA,Good Days,2020,2020s,R&B,international,spotify:track:3YJJjQPAbDT7mGpX3WtQ9A
Harry Styles,Late Night Talking,2022,2020s,Pop,international,spotify:track:1qEmFfgcLObUfQm0j1W2CK
Tate McRae,Greedy,2023,2020s,Pop,international,spotify:track:3rUGC1vUpkDG9CZFHMur1t
Tate McRae,Sports Car,2025,2020s,Pop,international,spotify:track:2zOmS55knKWSgScYPTNmGQ
Chappell Roan,"Good Luck, Babe!",2024,2020s,Pop,international,spotify:track:0WbMK4wrZ1wFSty9F7FCgu
Chappell Roan,Pink Pony Club,2020,2020s,Pop,international,spotify:track:6rcuy6XqlB9bqvtIRDl25u
Benson Boone,Beautiful Things,2024,2020s,Pop,international,spotify:track:6tNQ70jh4OwmPGpYy6R2o9
Teddy Swims,Lose Control,2023,2020s,Pop / Soul,international,spotify:track:6usohdchdzW9oML7VC4Uhk
Hozier,Too Sweet,2024,2020s,Alternative / Pop,international,spotify:track:3HMY0r2BAdpasXMY8rseR0
Noah Kahan,Stick Season,2022,2020s,Folk / Pop,international,spotify:track:0mflMxspEfB0VbI1kyLiAv
Måneskin,Beggin',2017,2010s,Rock,international,spotify:track:3Wrjm47oTz2sjIgck11l5e
Måneskin,I Wanna Be Your Slave,2021,2020s,Rock,international,spotify:track:4pt5fDVTg5GhEvEtlz9dKk
Måneskin,The Loneliest,2022,2020s,Rock,international,spotify:track:1Ame8XTX6QHY0l0ahqUhgv
Glass Animals,Heat Waves,2020,2020s,Alternative / Pop,international,spotify:track:3USxtqRwSYz57Ewm6wWRMp
Imagine Dragons,Bones,2022,2020s,Alternative / Rock,international,spotify:track:0HqZX76SFLDz2aW8aiqi7G
Coldplay,Higher Power,2021,2020s,Pop / Rock,international,spotify:track:0939D7aT18uBDS2MTjWzct
Coldplay & BTS,My Universe,2021,2020s,Pop,international,spotify:track:3FeVmId7tL5YN8B7R3imoM
BTS,Dynamite,2020,2020s,Pop,international,spotify:track:5QDLhrAOJJdNAmCTJ8xMyW
BTS,Butter,2021,2020s,Pop,international,spotify:track:1mWdTewIgB3gtBM3TOSFhB
BLACKPINK,How You Like That,2020,2020s,Pop,international,spotify:track:4SFknyjLcyTLJFPKD2m96o
BLACKPINK,Pink Venom,2022,2020s,Pop,international,spotify:track:0skYUMpS0AcbpjcGsAbRGj
Jung Kook,Seven,2023,2020s,Pop,international,spotify:track:2HRgqmZQC0MC7GeNuDIXHN
Jung Kook,Standing Next to You,2023,2020s,Pop,international,spotify:track:2KslE17cAJNHTsI2MI0jb2
LISA,Money,2021,2020s,Pop / Hip-hop,international,spotify:track:7hU3IHwjX150XLoTVmjD0q
Rema,Calm Down,2022,2020s,Afrobeats / Pop,international,spotify:track:3BnDvpeuGOj21Ir2aVEtQo
Tyla,Water,2023,2020s,Afrobeats / Pop,international,spotify:track:5aIVCx5tnk0ntmdiinnYvw
Wizkid,Essence,2020,2020s,Afrobeats / R&B,international,spotify:track:5FG7Tl93LdH117jEKYl3Cm
Burna Boy,Last Last,2022,2020s,Afrobeats,international,spotify:track:5YbPxJwPfrj7uswNwoF1pJ
Bad Bunny,Tití Me Preguntó,2022,2020s,Latin / Hip-hop,international,spotify:track:1IHWl5LamUGEuP4ozKQSXZ
Bad Bunny,Moscow Mule,2022,2020s,Latin / Hip-hop,international,spotify:track:6Xom58OOXk2SoU711L2IXO
Karol G,Provenza,2022,2020s,Latin Pop,international,spotify:track:7dSZ6zGTQx66c2GF91xCrb
Karol G & Shakira,TQG,2023,2020s,Latin Pop,international,spotify:track:2oMjKuKUEJFuLiVmTq7Vjx
Shakira,"BZRP Music Sessions, Vol. 53",2023,2020s,Latin Pop,international,spotify:track:3MhdQkxCOkM41Q7oPFIABJ
Feid & Young Miko,Classy 101,2023,2020s,Latin Pop,international,spotify:track:1hZsWUnLbqRw09jLAMQSsb
Myke Towers,Lala,2023,2020s,Latin Pop,international,spotify:track:7ABLbnD53cQK00mhcaOUVG
David Guetta & Bebe Rexha,I'm Good (Blue),2022,2020s,Dance,international,spotify:track:4uUG5RXrOk84mYEfFvj3cK
Peggy Gou,(It Goes Like) Nanana,2023,2020s,Dance,international,spotify:track:5Hijdt7rmbj9fUJdXEs6Nz
Tiësto,The Business,2020,2020s,Dance,international,spotify:track:6f3Slt0GbA2bPZlz0aIFXN
Elton John & Dua Lipa,Cold Heart (PNAU Remix),2021,2020s,Dance / Pop,international,spotify:track:6zSpb8dQRaw0M1dK8PBwQz
Joel Corry,Head & Heart,2020,2020s,Dance,international,spotify:track:6cx06DFPPHchuUAcTxznu9
Topic & A7S,Breaking Me,2019,2010s,Dance,international,spotify:track:3H7ihDc1dqLriiWXwsc2po
Purple Disco Machine & Sophie and the Giants,Hypnotized,2020,2020s,Dance,international,spotify:track:0vWUhCPxpJOJR5urYbZypB
Lost Frequencies & Calum Scott,Where Are You Now,2021,2020s,Dance,international,spotify:track:3uUuGVFu1V7jTQL60S1r8z
David Guetta & OneRepublic,I Don't Wanna Wait,2024,2020s,Dance,international,spotify:track:331l3xABO0HMr1Kkyh2LZq
Post Malone,Chemical,2023,2020s,Pop,international,spotify:track:5w40ZYhbBMAlHYNDaVJIUu
Post Malone & Morgan Wallen,I Had Some Help,2024,2020s,Country / Pop,international,spotify:track:7221xIgOnuakPdLqT0F3nP
Morgan Wallen,Last Night,2023,2020s,Country,international,spotify:track:583dMdiUquLMenarTp7PQm
Luke Combs,Fast Car,2023,2020s,Country,international,spotify:track:1Lo0QY9cvc8sUB2vnIOxDT
Shaboozey,A Bar Song (Tipsy),2024,2020s,Country / Pop,international,spotify:track:2FQrifJ1N335Ljm3TjTVVf
Jack Harlow,First Class,2022,2020s,Hip-hop,international,spotify:track:0wHFktze2PHC5jDt3B17DC
Jack Harlow,Lovin on Me,2023,2020s,Hip-hop,international,spotify:track:3fpM9FZbtQkoCSATHmGpgJ
Lil Nas X,Montero (Call Me by Your Name),2021,2020s,Hip-hop / Pop,international,spotify:track:67BtfxlNbhBmCDR2L2l8qd
Lil Nas X,Industry Baby,2021,2020s,Hip-hop,international,spotify:track:27NovPIUIRrOZoCHxABJwK
Megan Thee Stallion,Savage,2020,2020s,Hip-hop,international,spotify:track:55CHeLEfn5iJ0IIkgaa4si
Cardi B,Up,2021,2020s,Hip-hop,international,spotify:track:1XXimziG1uhM0eDNCZCrUl
Kendrick Lamar,Not Like Us,2024,2020s,Hip-hop,international,spotify:track:6AI3ezQ4o3HUoP6Dhudph3
Central Cee,Doja,2022,2020s,Hip-hop,international,spotify:track:3LtpKP5abr2qqjunvjlX5i
Tom Grennan,Little Bit of Love,2021,2020s,Pop,international,spotify:track:3Iba59sFmGhQ4kbCY5L8AX
Dermot Kennedy,Giants,2020,2020s,Pop,international,spotify:track:0l4AReW2LuX0yStPfgQgSR
Lewis Capaldi,Forget Me,2022,2020s,Pop,international,spotify:track:3iHzKA9HlXf5wsGdsrsnSA
OneRepublic,I Ain't Worried,2022,2020s,Pop,international,spotify:track:4h9wh7iOZ0GGn8QVp4RAOB
Nicky Youre & dazy,Sunroof,2021,2020s,Pop,international,spotify:track:5YqEzk3C5c3UZ1D5fJUlXA
Gayle,abcdefu,2021,2020s,Pop,international,spotify:track:5TrB6o3iQMaW9NueIlJjKG
JVKE,Golden Hour,2022,2020s,Pop,international,spotify:track:4yNk9iz9WVJikRFle3XEvn
Stephen Sanchez,Until I Found You,2021,2020s,Pop,international,spotify:track:0T5iIrXA4p5GsubkhuBIKV
David Kushner,Daylight,2023,2020s,Pop,international,spotify:track:4Gg1tYCl7rWR4laKbdtPA4
Myles Smith,Stargazing,2024,2020s,Pop,international,spotify:track:3Vr3zh0r7ALn8VLqCiRR10
Szécsi Pál,Csak egy tánc volt,1967,1960s,Pop,hu,spotify:track:1vbtb8dsN81iwFlkkz48Uo
Zalatnay Sarolta,Tölcsért csinálok a kezemből,1969,1960s,Pop,hu,spotify:track:3elxbbYBneHZqYkpUc5T20
Omega,Régi csibészek,1969,1960s,Rock,hu,spotify:track:18c85ky6MQB1RGsxqsrX1M
Ihász Gábor,Múlnak a gyermekévek,1977,1970s,Pop,hu,spotify:track:6QkjtvV7vIL8Mb9k8Yya71
Kovács Kati,Nem leszek a játékszered,1966,1960s,Pop,hu,spotify:track:24i0ppn5kQuccXMbmn91oE
Wolf Kati,Vuk,1982,1980s,Pop,hu,spotify:track:25RaQLpKs3EehSZjNXyFQB
Máté Péter,Egy darabot a szívemből,1979,1970s,Pop,hu,spotify:track:0EKFwLHe6JdRpY41LFHsAw
Koós János,Kislány a zongoránál,1968,1960s,Pop,hu,spotify:track:7KeSG43venZZslHTtRy6oT
Soltész Rezső,Szóljon hangosan az ének,1981,1980s,Pop,hu,spotify:track:2IOXb457vGNGluCWfnbcxR
Fonográf,Az első villamos,1974,1970s,Rock / Pop,hu,spotify:track:5PcI3VmaKjTjUDUS0W9G0n
Omega,Ha én szél lehetnék,1968,1960s,Rock,hu,spotify:track:36JefB2jtvydpeMCpGiVEV
Neoton együttes,"Kell, hogy várj",1969,1960s,Pop,hu,spotify:track:5sToHalhXEaaV4X5PjOsJE
Neoton Família,Holnap hajnalig,1983,1980s,Pop,hu,spotify:track:297GPkBoGAHfvhkgiP1Ly6
Cserháti Zsuzsa,"Kicsi, gyere velem rózsát szedni",1973,1970s,Pop,hu,spotify:track:28vq187KJqRgtHSOQ9fWxJ
Metro,Kócos ördögök,1970,1970s,Rock,hu,spotify:track:5aX86GrBrvXetJQEobJThI
Illés,Az utcán,1966,1960s,Rock,hu,spotify:track:60bVoEJfqZDv9C0ybIwrzJ
Kovács Kati,Most kéne abbahagyni,1970,1970s,Pop,hu,spotify:track:7w2B30Hb6wb6cqwxvvEtKP
Hofi Géza,Próbálj meg lazítani,1978,1970s,Pop,hu,spotify:track:4bHOiI7OnswXiqoCgaSTO0
Sprint,Postakocsi,1976,1970s,Rock / Pop,hu,spotify:track:1pDUbtAm186vCNjDK9Wya3
Vámosi János,Járom az utam,1961,1960s,Pop,hu,spotify:track:3bEAXwvqVNbTa8XbVccTEf
Vámosi János,Csinibaba,1958,1950s,Pop,hu,spotify:track:4bS9halzdBRKUEm60mr7R1
Fonográf,Levél a távolból,1976,1970s,Rock / Pop,hu,spotify:track:0FPhl8Sqrrt3KA5ZqAR7RE
Bergendy,Darabokra törted a szívem,1972,1970s,Pop / Rock,hu,spotify:track:5XSudZwszF920RAFegnpZi
Magna Cum Laude,Vidéki sanzon,2005,2000s,Pop / Rock,hu,spotify:track:3RSKCHHcyyPNngoAsttOmb
Delhusa Gjon,Nika se perimeno,1979,1970s,Pop,hu,spotify:track:3HAYpck242FbVMGvgtS6Vs
Illés,"Miért hagytuk, hogy így legyen",1969,1960s,Rock,hu,spotify:track:4w6B5qDdM82Umlk2ZJ9SUG
Illés,Ne gondold,1966,1960s,Rock,hu,spotify:track:2MMDcLV56hD5Q177dxagHW
Illés,Sárga rózsa,1968,1960s,Rock,hu,spotify:track:0L9UvKIBSA5Vs1TA9INiKT
Illés,Amikor én még kissrác voltam,1968,1960s,Rock,hu,spotify:track:44dscsl1xVyUzGAzDzJEN2
Omega,Petróleumlámpa,1969,1960s,Rock,hu,spotify:track:5fUoyJ5OTVuoJwigIuGGUT
Omega,Tízezer lépés,1969,1960s,Rock,hu,spotify:track:0ihBP02HKJp5v1vir9j3MV
Omega,Ballada a fegyverkovács fiáról,1970,1970s,Rock,hu,spotify:track:58uI4w7VhPy8yEvasSfIUA
Omega,Gammapolis,1978,1970s,Rock,hu,spotify:track:0CvFVj20hPHOV8BoZGhDdt
Koncz Zsuzsa,Kertész leszek,1975,1970s,Pop,hu,spotify:track:3Wm14cIquryp5Xi6HbyKnj
Koncz Zsuzsa,Mama kérlek,1978,1970s,Pop,hu,spotify:track:0Ny9Mvd4apTA9wxzanw66o
Zalatnay Sarolta,Nem várok holnapig,1967,1960s,Pop,hu,spotify:track:4tOEPsxm1j88IAdJOmvEPA
Kovács Kati,Ha legközelebb látlak,1977,1970s,Pop,hu,spotify:track:3QACs7aGyixERWkhGw6bzz
Kovács Kati,Úgy szeretném meghálálni,1979,1970s,Pop,hu,spotify:track:06xXMhx5DLqFBUVaYTQbFu
Máté Péter,Azért vannak a jó barátok,1976,1970s,Pop,hu,spotify:track:028yeuqMsQL9AjPgzJqak2
Máté Péter,Most élsz,1972,1970s,Pop,hu,spotify:track:58CoEacunfDNK9vZ8cMhZJ
Máté Péter,Egyszer véget ér,1978,1970s,Pop,hu,spotify:track:3kGZPO5ZkXFeQFSd2KeAKc
Cserháti Zsuzsa,"Boldogság, gyere haza",1979,1970s,Pop,hu,spotify:track:5pQcHRjGcgAqoahAjDTvEe
Cserháti Zsuzsa,"Akad, amit nem gyógyít meg az idő sem",1981,1980s,Pop,hu,spotify:track:1KDdMUTrcFzkO1a00Bfhly
Szűcs Judit,Ha táncolsz velem,1980,1980s,Disco / Pop,hu,spotify:track:135btzVr1cxCxbgIFq7JXS
Neoton Família,Pago Pago,1983,1980s,Pop / Disco,hu,spotify:track:5cLbrEDUw56j9AlcsxFeog
Neoton Família,Nyár van,1984,1980s,Pop,hu,spotify:track:0Sj14VASEJDiUh4vqBPNEi
Hungária,Hotel Menthol,1981,1980s,Rock & Roll / Pop,hu,spotify:track:5gkwNMAzGQb6RaCgUrtkaD
Hungária,Micsoda buli,1981,1980s,Rock & Roll / Pop,hu,spotify:track:0ElGPN6ewgborE5gVVF8C7
Hungária,Limbó hintó,1981,1980s,Rock & Roll / Pop,hu,spotify:track:5y6HfND8hSlsz18sKDdN2a
Fenyő Miklós,Made in Hungaria,1996,1990s,Rock & Roll / Pop,hu,spotify:track:3CtjtzgGugqZv1cSWo0kI6
KFT,Bábu vagy,1981,1980s,Pop / Rock,hu,spotify:track:3IhJwZYHQVXxtQW89TL30K
KFT,Balatoni nyár,1986,1980s,Pop / Rock,hu,spotify:track:4K5Tz6iRqUBx5EzjUlaIBx
EDDA Művek,Kölyköd voltam,1980,1980s,Rock,hu,spotify:track:6PMk8VefJTx0k6OVSn2gmB
EDDA Művek,Álmodtam egy világot,1980,1980s,Rock,hu,spotify:track:536AC2nt5yLRPAFES89Vhl
EDDA Művek,Éjjel érkezem,1986,1980s,Rock,hu,spotify:track:7ukNwvBVfea4N2uwrYQOqU
Bikini,Adj helyet magad mellett,1988,1980s,Rock,hu,spotify:track:4nz9bP3E0GKjKV5VvhzQQh
Beatrice,8 óra munka,1991,1990s,Rock,hu,spotify:track:3ytmnj5lQaKBJktFs39kJo
Beatrice,Azok a boldog szép napok,1988,1980s,Rock,hu,spotify:track:3CZjZFDZtn1WvSqPr5KCEk
R-GO,Ballag a katona,1984,1980s,Pop,hu,spotify:track:2T9nTlvTw8UhakAdihuSoj
R-GO,Szeretlek is meg nem is,1984,1980s,Pop,hu,spotify:track:3puCklXxo9XP0Xbonykv0y
R-GO,Létezem,1983,1980s,Pop,hu,spotify:track:6QESv4NSVIJRLvP2DfMoFd
Korda György,Lady N,1981,1980s,Pop,hu,spotify:track:5CujlEHoS0Vmh1nGojDnTo
Zoltán Erika,Casanova,1988,1980s,Pop,hu,spotify:track:0HeA49OYLBwAZEZwWa5OhZ
Bonanza Banzai,Valami véget ért,1989,1980s,Alternative,hu,spotify:track:73GRdxrtOri0fKwhnVN9VV
Ákos,Hello,1993,1990s,Pop / Rock,hu,spotify:track:6yGx6OJ38T0x5reTplmin3
Ákos,Ikon,1998,1990s,Pop / Rock,hu,spotify:track:3ZNvfVU0SPzppF8Og4fCZr
Republic,Repül a bálna,1991,1990s,Rock / Pop,hu,spotify:track:6klhokseoKR6XNy1JchFT9
Republic,Szeretni valakit valamiért,1996,1990s,Rock / Pop,hu,spotify:track:3vka8VNvyf5TsHDGLWK0ot
Republic,Kék és narancssárga,2000,2000s,Rock / Pop,hu,spotify:track:1ECEwbEiZ2lupxFTSULJsj
Zámbó Jimmy,"Szeress úgy, ahogy itt vagyok veled",1992,1990s,Pop,hu,spotify:track:1C4UsCVDYYapRNyN95GmlS
Ámokfutók,A hold dala,1996,1990s,Pop / Dance,hu,spotify:track:213uCywqFYpPgZskKweTxP
TNT,Tiltott perc,1999,1990s,Pop,hu,spotify:track:3CR1D85Cveqdrt58BCofIR
Kozmix,Kozmix a házban,1998,1990s,Dance,hu,spotify:track:6Ydg6lvG6mVQjx15w5PKxy
Kozmix,Angyal,2000,2000s,Dance,hu,spotify:track:0Qyhe2ZDmtmKtYK03m4kvp
Happy Gang,Sokáig voltam távol,1999,1990s,Pop / Dance,hu,spotify:track:5rqgK31m8exgM1vShPaJcP
Animal Cannibals,Takarítónő,1995,1990s,Hip-hop,hu,spotify:track:0Ayh5j1CWpOFcWZSwD3yEk
Animal Cannibals,Kérek egy puszikát!,1996,1990s,Hip-hop,hu,spotify:track:3GAWbqVQMxILl4TTQj3hiq
Sub Bass Monster,4 ütem,1999,1990s,Hip-hop,hu,spotify:track:14LeU4cl8VGP8u8LnJqnc6
Sub Bass Monster,"Nincs nő, nincs sírás",1999,1990s,Hip-hop,hu,spotify:track:7mVPIcwXglMYKDANDqaVyr
Jazz+Az,Ma jól vagyok,1998,1990s,Pop,hu,spotify:track:2pzMF9jL19ngltqNLgbuFz
Jazz+Az,"Gin, rum, sör, bor",1999,1990s,Pop,hu,spotify:track:18XirJISLsA3z8UO5zOFa9
V-Tech,Vétkezz velem,1998,1990s,Pop,hu,spotify:track:0WviVgfDdJOzhOdOwmpywd
V-Tech,Homokba írt szerelem,2000,2000s,Pop,hu,spotify:track:59vIR2to12kpY70F7aHEqa
Groovehouse,Hadadi,2001,2000s,Pop,hu,spotify:track:3uQTIhG76SJsmbR716ROqn
Groovehouse,Szavakon túl,2001,2000s,Pop,hu,spotify:track:6u9wMu6ZSeeTiAOmAOD0SA
United,Keserű méz,2000,2000s,Pop / Funk,hu,spotify:track:0kgfiBTnaGJZ5HEbJ5NbC5
Tankcsapda,Be vagyok rúgva,1995,1990s,Rock,hu,spotify:track:54G6J9HCMOuHQ0GBzz8trh
Tankcsapda,Ez az a ház,2001,2000s,Rock,hu,spotify:track:2ufueabkXdgfSWWJQnQ8rO
Hooligans,Játszom,2003,2000s,Rock / Pop,hu,spotify:track:1BRW1pvIHHT4XYSb8rJQnw
Hooligans,Félember,2006,2000s,Rock / Pop,hu,spotify:track:60JarpLzVUsWF2s6ZSr48W
NOX,"Forogj, világ!",2005,2000s,Pop,hu,spotify:track:1MaUE0VmsQwA0ktD0KDjv4
Quimby,Autó egy szerpentinen,2002,2000s,Alternative,hu,spotify:track:3MP5QElX09HxrdujiIlncO
Kispál és a Borz,Ha az életben,1994,1990s,Alternative,hu,spotify:track:6drrVCI2dr66BjUL4maVaF
Kispál és a Borz,Csillag vagy fecske,2000,2000s,Alternative,hu,spotify:track:6CqjfYl62bxhxXEoOltOUp
Heaven Street Seven,Hol van az a krézi srác?,2000,2000s,Alternative,hu,spotify:track:2HE7teIJgl9e4C2DJCjUV2
Heaven Street Seven,Dél-Amerika,2004,2000s,Alternative,hu,spotify:track:0nEgTdkktvLV6e74Qm7zsm
Magna Cum Laude,Színezd újra,2006,2000s,Pop / Rock,hu,spotify:track:0DzDEJLCIHYIBVP7uIVgZp
Zanzibar,Nem vagyok tökéletes,2001,2000s,Pop / Rock,hu,spotify:track:7DxawEQHKswyq0hSJHHJbs
Zanzibar,Szerelemről szó sem volt,2002,2000s,Pop / Rock,hu,spotify:track:2ALGMSQN5ZHcmkzgZhHB2m
Crystal,Te vagy a jel,2001,2000s,Pop,hu,spotify:track:5I0RFdoSko3VyXuEXfFUXd
Crystal,Jég a tűzben,2003,2000s,Pop,hu,spotify:track:0WD24AZNa5XpWhXRhkCGt4
Fiesta,Bonita,2001,2000s,Pop,hu,spotify:track:2LN67M1uxYfRPC97r35bs7
Fiesta,Hola Mi Amor,2002,2000s,Pop,hu,spotify:track:0DQOCWgNniz8lpBCJeNkUA
Caramel,Szállok a dallal,2005,2000s,Pop / Soul,hu,spotify:track:1riPjeR3JyANiC13HFnURA
Caramel,Lélekdonor,2008,2000s,Pop / Soul,hu,spotify:track:1O3AiAOK3HWMWrtIxt576H
Oláh Ibolya,Magyarország,2005,2000s,Pop / Rock,hu,spotify:track:0tjb1SokIgtbqSaX80KOif
Rúzsa Magdolna,Aprócska blues,2006,2000s,Pop,hu,spotify:track:0Z9AoeVg3le65zXAEcLcEI
Rúzsa Magdolna,Gábriel,2008,2000s,Pop,hu,spotify:track:72L8VzhOYYQHi2MWgwnHwr
Rúzsa Magdolna,Egyszer,2018,2010s,Pop,hu,spotify:track:4JnTWVjutHhBZKS0IWno5l
Majka,Mindenki táncol /90'/,2017,2010s,Hip-hop / Pop,hu,spotify:track:4CNCUed2qq47dwKlvkBNRI
Wellhello,Rakpart,2014,2010s,Pop / Hip-hop,hu,spotify:track:0EJCQZrs8WHDTwvTXReixI
Halott Pénz,Valami van a levegőben,2015,2010s,Pop / Hip-hop,hu,spotify:track:7xOUR4tRfNXMBcSgesqROh
Halott Pénz,Amikor feladnád,2018,2010s,Pop / Hip-hop,hu,spotify:track:5pZDYdwuEWlCT2Rs7mNyvW
Kelemen Kabátban,Maradjatok gyerekek,2014,2010s,Pop,hu,spotify:track:3HsWYidA3XXxSTXJltstJt
Kelemen Kabátban,Nyári dallam,2013,2010s,Pop,hu,spotify:track:1cRapcB7BYbO0bQAnnoc5a
Konyha,Százszor visszajátszott,2018,2010s,Pop / Rock,hu,spotify:track:2CtWdhfo7c60U8FjEhCdup
Follow The Flow,Nem tudja senki,2018,2010s,Pop,hu,spotify:track:0XlgY6Jrh51dY2Bfepj9hK
Follow The Flow,Anyám mondta,2019,2010s,Pop,hu,spotify:track:5kIT2DgxvQy8N0vbyws0Cm
Bagossy Brothers Company,Visszajövök,2017,2010s,Pop / Rock,hu,spotify:track:7rAl8bIgzk4PXpXooe4AgO
ByeAlex és a Slepp,Még mindig...,2017,2010s,Pop,hu,spotify:track:1KRLNcB2Kj1IT2Dz6S0a1J
Azahriah,Introvertált dal,2022,2020s,Pop,hu,spotify:track:2EAvOY1uymm5ZAd0ZbnnPW
Azahriah,Four Moods,2022,2020s,Pop,hu,spotify:track:1o0TkBcMTkkOg1KUeB4riK
Azahriah & DESH,Rét,2022,2020s,Pop / Hip-hop,hu,spotify:track:5pYNDOTIoZZ5ab77vb8EO3
VALMAR,Úristen,2022,2020s,Pop,hu,spotify:track:2ECeeSi1ImwowkGOdAVI6w
VALMAR,Színvak,2022,2020s,Pop,hu,spotify:track:3uAoUHEPlLa5pWKpOrmIxo
Beton.Hofi,Bagira,2022,2020s,Hip-hop,hu,spotify:track:18DVypBkvcJtVFzQr5Ly7J
Beton.Hofi,Playbánia,2023,2020s,Hip-hop,hu,spotify:track:7A9EcBrwTG6bwswUy7beWW
Krúbi,Szív,2019,2010s,Hip-hop,hu,spotify:track:6Qg42mHmwZdqT4LpV3KnvP
Dzsúdló,Lej,2020,2020s,Pop,hu,spotify:track:3sUOONjFxjepoSXvKYrz5E
Dzsúdló,Hiszti,2020,2020s,Pop,hu,spotify:track:7L1hQz6lpfdskdWNbsBg4L
T. Danny,Megmondtam,2021,2020s,Pop / Hip-hop,hu,spotify:track:4vtPjmwiNXDg7DOfB3gLet
T. Danny,YOGA,2023,2020s,Pop / Hip-hop,hu,spotify:track:7i2VQnO1s9hlLZyDBkMBsE
Manuel,Messziről jöttem,2019,2010s,Pop / Hip-hop,hu,spotify:track:4pM0ZrNCyFwXrQ8nPfb6v1
Manuel,Popstar,2021,2020s,Pop / Hip-hop,hu,spotify:track:4ZT1QMxxsqYTQnlIlQmj4l
PamKutya,Aranybula,2016,2010s,Pop / Comedy,hu,spotify:track:2L5UIZlS4We7uc8bPnjNHi
Napoleon Boulevard,Júlia nem akar a földön járni,1988,1980s,Pop / Rock,hu,spotify:track:3AMB4nrvMY8lukZldgFqeh
Első Emelet,A film forog tovább,1988,1980s,Pop,hu,spotify:track:4TAHmx4hhJOcRFWrzl6pC7
Első Emelet,Csakazértis szerelem,1987,1980s,Pop,hu,spotify:track:0tseevIhb7MtPRx17BhZvD
Piramis,Szállj fel magasra,1977,1970s,Rock,hu,spotify:track:24k4517B63i6wqkxSs709m
Piramis,Ha volna két életem,1977,1970s,Rock,hu,spotify:track:28iem4MdULZ9uOMcgwYOQA
Karthago,Requiem,1981,1980s,Rock,hu,spotify:track:5Jbg6bxIpGvQRPEfbKMGfr
Karthago,Apáink útján,1982,1980s,Rock,hu,spotify:track:6w9l1wjAjYKbjommes1Vy3
P. Mobil,Kétforintos dal,1978,1970s,Rock,hu,spotify:track:2R9d2LqmuE3IcuLag7zyNt
P. Mobil,Menj tovább,1979,1970s,Rock,hu,spotify:track:4P89xAiecE8gdUFf7ckndf
Hobo Blues Band,Hajtók dala,1980,1980s,Rock / Blues,hu,spotify:track:0U6xZeOdYd6MmOrr33ydzw
Pokolgép,A jel,1986,1980s,Rock,hu,spotify:track:23IwPOjKD7qhX1CFyQs1ai
Pokolgép,Ítélet helyett,1987,1980s,Rock,hu,spotify:track:5d2cMIWF8Hip96uoDPTU7O
Ossian,Acélszív,1988,1980s,Rock,hu,spotify:track:6qDWTq65WFWwvIQRyCscv6
Ossian,A rock katonái,1988,1980s,Rock,hu,spotify:track:7J4QTxWRP5BsfrmtZAKMpA
Charlie,Jég dupla whiskyvel,1994,1990s,Pop / Rock,hu,spotify:track:7a7CGBlaxnfXFHhstZBIDe
Charlie,Nézz az ég felé,1994,1990s,Pop / Rock,hu,spotify:track:1xeksMujHthtZCehW1LrRu
Gergely Róbert,Emanuelle,1992,1990s,Pop,hu,spotify:track:1okPetqThmUb2fa0ps2FKn
Manhattan,Rossz vagyok,1991,1990s,Pop,hu,spotify:track:3SjpLIquAUWXUrCcexOwMx
Bon-Bon,A sexepilem,1999,1990s,Pop,hu,spotify:track:2ikqNRbymbDFoHjoSlRU5W
Bon-Bon,Holnaptól,2000,2000s,Pop,hu,spotify:track:7JxqAM2VDt4xdfVvBjIXsR
Desperado,Táncolj!,2006,2000s,Dance / Pop,hu,spotify:track:3hfIQTU1nbefhJxJJzCwRe
Desperado,Gyere és álmodj,2002,2000s,Dance / Pop,hu,spotify:track:29PCu9F6U436hBlBlrb6T6
Fresh,Táncolj még!,1998,1990s,Pop / Dance,hu,spotify:track:4ziTUHPzCg1RweFZNqOrFu
Fresh,Itt vagyunk,1997,1990s,Pop / Dance,hu,spotify:track:3ylIIgDqdPGlN0kZaogA1R
Baby Sisters,Szeresd a testem,1998,1990s,Pop,hu,spotify:track:4RjDnA6hOHRZBqKuxHekyD
UFO,Napolaj,1996,1990s,Pop / Dance,hu,spotify:track:0lFSIsVlMRU7H7Ocm0vfXx
4F-Club,Balatoni láz,1996,1990s,Dance / Pop,hu,spotify:track:2ZQlpFe9M6g7dtK7Oxq7uL
Ganxsta Zolee és a Kartel,A jó a rossz és a Kartel,1997,1990s,Hip-hop,hu,spotify:track:5pXoYWvXCrjogQEF82pZ5F
Ganxsta Zolee és a Kartel,Helldorado,1999,1990s,Hip-hop,hu,spotify:track:1v4oL80GmY22SMC0MxI74h
Rapülők,Áj láv jú,1992,1990s,Pop / Hip-hop,hu,spotify:track:6z6upROw6LcxLbRoKKH23N
Rapülők,Nem adom fel,1993,1990s,Pop / Hip-hop,hu,spotify:track:23LgvtYC8TcH4lAT2LQpTC
